Project_ID,Sector,Project_Type,Approved_Cost,Planned_Duration,Elapsed_Duration,Physical_Progress,Planned_Progress,Financial_Progress,Expenditure,Milestones_Total,Milestones_Delayed,Average_Milestone_Delay_Days,Procurement_Delay_Days,Land_Acquisition_Progress,Approvals_Pending,Scope_Changes,Contractor_Performance,Time_Overrun_Months,Cost_Overrun_Pct,Time_Overrun_Flag,Cost_Overrun_Flag,Implementation_Risk_Flag
PRJ-0001,Water,Water Supply,338.78,25,8,29.9,34.6,28.1,98.92,23,4,25.3,11,89.0,1,1,Good,0.0,1.5,0,0,0
PRJ-0002,Urban Development,Urban Infrastructure,584.48,39,17,34.4,46.3,35.1,202.93,23,4,63.2,19,56.4,1,0,Average,3.2,0.8,1,0,0
PRJ-0003,Energy,Power,2346.94,30,23,72.8,79.8,77.8,1815.63,14,3,32.9,7,93.1,2,1,Good,2.1,0.0,1,0,0
PRJ-0004,Urban Development,Urban Infrastructure,836.44,22,7,19.7,29.3,17.1,146.38,15,6,22.8,31,34.9,0,2,Good,6.3,8.3,1,1,0
PRJ-0005,Transport,Railway,1852.62,62,37,46.1,59.3,45.8,868.72,20,9,60.8,79,79.8,5,0,Good,14.0,12.8,1,1,1
PRJ-0006,Transport,Railway,649.93,56,14,14.1,23.0,19.9,126.82,13,4,34.5,8,91.9,2,0,Poor,3.7,2.7,1,0,0
PRJ-0007,Transport,Road,244.46,25,13,37.8,54.1,42.3,101.91,9,5,59.5,0,88.9,1,1,Poor,7.8,9.4,1,1,1
PRJ-0008,Transport,Railway,2661.89,63,43,68.8,71.9,73.4,2016.04,17,3,21.3,32,76.0,1,0,Good,0.0,0.0,0,0,0
PRJ-0009,Transport,Bridge,1566.68,38,14,34.1,38.5,35.9,552.69,14,2,30.4,6,96.6,2,2,Good,1.5,0.0,0,0,0
PRJ-0010,Education,School,75.17,25,6,21.3,23.1,15.7,12.09,18,0,0.0,15,94.1,0,2,Average,0.0,0.9,0,0,0
PRJ-0011,Transport,Road,1793.78,22,5,18.0,22.1,15.9,288.14,18,3,53.8,21,79.9,0,0,Average,3.2,0.0,0,0,0
PRJ-0012,Transport,Railway,3539.84,69,42,48.5,58.6,46.6,1617.16,10,1,,16,28.9,0,0,Average,4.9,7.4,0,0,0
PRJ-0013,Water,Water Supply,280.39,31,19,55.2,62.9,56.2,155.87,23,5,53.0,,73.1,0,1,Average,6.8,8.9,1,1,1
PRJ-0014,Water,Water Supply,170.26,23,23,99.8,96.8,96.7,162.03,8,0,,6,92.9,0,0,Good,0.0,0.0,0,0,0
PRJ-0015,Energy,Power,1640.1,59,47,66.1,76.7,66.9,1089.87,24,9,51.8,7,95.6,4,0,Average,6.1,3.4,1,0,1
PRJ-0016,Energy,Power,1523.93,59,25,43.3,42.4,46.1,708.27,14,1,16.8,2,93.5,0,0,Good,0.0,0.0,0,0,0
PRJ-0017,Education,School,250.19,24,15,51.7,59.8,51.7,132.25,19,6,,11,95.6,0,2,Poor,6.7,7.4,1,0,0
PRJ-0018,Water,Water Supply,1030.35,31,9,23.9,29.2,25.8,272.69,15,1,,9,52.9,0,0,Good,0.0,0.0,0,0,0
PRJ-0019,Transport,Bridge,869.21,55,56,98.6,99.8,100.0,863.54,23,5,30.9,7,98.6,0,0,Good,0.0,0.0,0,0,0
PRJ-0020,Water,Water Supply,1029.29,27,17,44.3,62.4,46.6,479.99,8,5,82.1,102,97.0,5,0,Average,17.0,16.3,1,1,1
PRJ-0021,Water,Water Supply,295.24,42,23,31.9,53.8,33.4,101.26,7,4,39.3,10,49.3,3,0,Poor,14.4,14.4,1,1,1
PRJ-0022,Water,Water Supply,1051.85,38,31,71.1,81.8,70.9,738.68,9,2,32.1,3,46.3,0,0,Average,3.4,0.0,0,0,0
PRJ-0023,Water,Water Supply,719.8,32,13,34.9,44.2,36.0,257.35,19,3,46.7,5,39.7,3,1,Good,11.9,12.8,1,1,1
PRJ-0024,Transport,Road,1417.66,19,9,39.9,44.9,43.5,621.18,17,1,28.9,2,94.7,1,0,Good,0.0,0.0,0,0,0
PRJ-0025,Urban Development,Urban Infrastructure,233.85,25,15,50.3,56.5,49.1,115.02,19,2,26.2,7,39.8,0,1,Average,4.9,2.8,0,0,1
PRJ-0026,Transport,Bridge,1715.87,53,15,19.0,29.0,21.8,387.8,23,13,37.0,9,95.7,4,0,Good,6.2,3.9,1,0,0
PRJ-0027,Education,School,154.11,24,13,56.8,56.6,60.7,96.23,24,2,13.8,5,96.2,0,2,Good,0.0,0.0,0,0,0
PRJ-0028,Transport,Road,842.56,39,39,94.7,96.1,93.1,770.1,9,1,28.7,28,87.1,0,0,Good,0.0,0.0,0,0,0
PRJ-0029,Energy,Power,830.03,55,14,26.0,25.2,24.4,199.93,24,0,0.0,2,93.0,0,0,Good,0.0,0.0,0,0,0
PRJ-0030,Water,Water Supply,421.88,30,28,87.2,95.1,92.8,398.84,19,6,70.9,9,85.1,0,0,Poor,6.4,5.9,1,1,1
PRJ-0031,Education,School,149.91,30,25,79.0,86.1,77.8,119.96,16,3,48.2,9,93.2,0,3,Average,4.2,7.4,1,1,0
PRJ-0032,Transport,Railway,2468.65,47,11,23.5,23.8,22.7,560.22,19,2,10.4,5,82.1,1,4,Good,4.3,14.2,0,1,0
PRJ-0033,Energy,Power,1442.8,43,21,27.4,48.4,25.5,370.75,23,9,44.6,14,49.9,2,0,Poor,13.1,16.7,1,1,1
PRJ-0034,Transport,Railway,3983.88,71,71,95.1,96.7,92.0,3596.05,19,4,31.3,7,87.8,1,0,Good,0.0,0.0,0,0,0
PRJ-0035,Urban Development,Urban Infrastructure,253.02,25,14,47.9,55.0,49.3,128.33,24,3,28.8,9,90.8,2,0,Good,3.0,2.5,0,0,0
PRJ-0036,Urban Development,Urban Infrastructure,496.69,19,17,77.5,86.8,79.0,394.53,12,2,63.7,68,75.9,3,0,Good,0.8,3.9,0,0,0
PRJ-0037,Energy,Power,916.59,58,29,50.9,51.1,52.3,492.18,7,0,0.0,4,94.8,0,2,Good,0.0,0.0,0,0,0
PRJ-0038,Water,Water Supply,1046.26,29,17,57.7,59.6,55.1,575.0,18,0,0.0,0,49.5,0,0,Good,0.0,0.0,0,0,0
PRJ-0039,Energy,Power,3944.99,38,15,34.0,36.5,38.7,1567.65,8,1,57.2,8,97.1,0,0,Average,0.0,0.0,0,0,0
PRJ-0040,Transport,Road,421.33,23,8,16.4,34.3,21.4,90.56,23,8,54.2,4,37.3,3,0,Poor,11.0,14.5,1,1,1
PRJ-0041,Health,Hospital,840.66,29,30,94.6,100.0,96.4,816.42,13,1,40.9,,92.7,0,0,Average,1.3,1.4,1,0,0
PRJ-0042,Transport,Road,325.74,22,21,90.6,93.2,93.6,307.15,15,2,20.8,9,84.1,1,1,Good,0.0,0.0,0,0,0
PRJ-0043,Education,School,103.79,22,14,61.8,66.1,61.5,64.96,9,1,44.4,0,93.7,1,0,Average,0.0,0.0,0,0,1
PRJ-0044,Education,School,25.3,22,12,60.0,57.0,56.9,14.86,7,0,0.0,7,98.7,0,0,Good,0.0,0.0,0,0,0
PRJ-0045,Energy,Power,1332.32,49,19,34.8,40.4,33.5,440.33,14,3,28.8,17,64.0,0,0,Average,1.3,0.0,0,0,0
PRJ-0046,Transport,Road,310.42,28,23,77.6,84.9,82.7,251.73,15,3,60.4,7,80.0,0,1,Poor,4.4,11.8,1,1,0
PRJ-0047,Energy,Power,3772.67,62,37,59.1,60.0,58.3,2156.99,12,2,29.4,53,52.8,0,0,Good,3.5,1.1,0,0,0
PRJ-0048,Energy,Power,3611.94,49,39,65.0,76.5,64.9,2423.69,19,2,65.1,7,54.7,0,0,Poor,6.0,7.3,1,1,0
PRJ-0049,Water,Water Supply,373.58,18,10,47.3,56.9,46.7,176.67,21,2,56.9,150,28.4,1,0,Good,12.9,16.5,1,1,1
PRJ-0050,Education,School,51.6,25,18,66.5,75.9,64.1,33.95,7,1,55.6,10,97.0,0,0,Average,1.5,0.0,0,0,0
PRJ-0051,Energy,Power,1318.07,65,65,100.0,100.0,100.0,1327.28,16,0,0.0,10,94.6,1,0,Good,0.0,0.0,0,0,0
PRJ-0052,Water,Water Supply,126.42,42,29,63.1,68.5,60.7,75.66,12,0,0.0,4,25.8,1,0,Good,1.4,0.0,0,0,0
PRJ-0053,Energy,Power,2381.34,44,37,83.5,86.6,81.6,1976.34,23,2,21.1,10,81.1,1,1,Good,0.1,0.0,0,0,0
PRJ-0054,Transport,Railway,448.59,69,56,76.5,79.6,80.6,355.02,10,1,21.8,2,77.4,1,1,Good,0.0,0.0,0,0,0
PRJ-0055,Water,Water Supply,136.82,31,23,49.5,71.5,45.9,62.79,14,8,66.6,93,89.2,4,2,Poor,22.3,36.0,1,1,1
PRJ-0056,Education,School,142.38,14,7,46.7,50.6,49.5,71.42,17,4,58.8,150,94.9,0,1,Good,5.4,8.8,1,1,0
PRJ-0057,Urban Development,Urban Infrastructure,97.52,31,16,41.7,55.3,41.2,39.8,21,6,49.3,19,82.5,3,4,Average,10.6,19.3,1,1,1
PRJ-0058,Urban Development,Urban Infrastructure,478.03,43,23,45.1,55.4,52.0,254.07,15,3,57.2,7,35.3,1,0,Average,8.9,3.4,1,1,0
PRJ-0059,Water,Water Supply,693.31,36,37,93.7,100.0,97.7,701.61,24,4,40.4,12,88.0,2,3,Good,7.9,9.5,1,1,1
PRJ-0060,Energy,Power,2630.11,41,31,65.2,75.2,64.7,1703.59,8,2,64.9,49,93.8,1,0,Average,6.4,6.1,1,0,0
PRJ-0061,Water,Water Supply,378.85,25,11,39.4,45.3,35.8,136.89,11,4,21.6,8,92.3,1,0,Good,1.5,0.6,1,0,0
PRJ-0062,Energy,Power,1992.09,61,41,63.0,68.0,61.2,1241.06,12,1,23.9,0,46.6,2,2,Good,7.7,11.9,1,1,1
PRJ-0063,Energy,Power,2293.44,50,52,84.9,100.0,83.7,1928.93,7,2,74.3,2,63.5,4,0,Poor,12.9,11.2,1,1,1
PRJ-0064,Transport,Bridge,758.97,55,26,46.2,50.7,46.2,357.31,18,2,16.9,5,64.0,1,1,Good,0.2,1.5,0,0,0
PRJ-0065,Energy,Power,912.44,55,40,69.2,72.2,68.7,629.79,20,2,21.5,5,88.0,0,0,Good,0.0,0.0,0,0,0
PRJ-0066,Transport,Railway,2817.25,60,30,48.4,46.8,49.7,1447.6,6,0,0.0,9,98.5,0,1,Good,0.0,0.0,0,0,0
PRJ-0067,Energy,Power,3951.47,50,16,29.8,33.5,30.6,1214.15,6,0,0.0,7,62.7,2,1,Good,0.0,0.0,0,0,0
PRJ-0068,Transport,Road,2033.94,43,14,19.3,31.3,22.8,461.94,13,3,55.7,23,36.7,2,1,Average,13.4,16.2,1,1,1
PRJ-0069,Transport,Railway,2764.27,40,25,53.4,61.8,57.5,1631.44,22,6,35.0,9,77.9,2,0,Good,0.0,0.0,0,0,0
PRJ-0070,Energy,Power,3202.68,45,27,48.3,58.0,51.2,1630.41,6,2,68.7,3,98.3,2,0,Poor,9.1,15.6,1,1,1
PRJ-0071,Education,School,165.53,23,14,60.1,60.8,57.3,93.84,10,0,0.0,0,94.3,1,1,Good,0.0,0.2,0,0,0
PRJ-0072,Transport,Road,351.82,23,20,74.2,85.8,76.4,278.21,17,7,70.4,78,92.8,0,1,Average,14.3,18.7,1,1,1
PRJ-0073,Urban Development,Urban Infrastructure,1418.04,19,7,29.9,36.0,38.4,551.4,11,2,48.7,46,80.4,1,2,Good,7.0,10.0,1,1,0
PRJ-0074,Transport,Road,154.73,37,14,28.3,36.0,25.2,40.35,13,2,35.5,8,89.6,3,1,Good,7.5,7.3,1,1,0
PRJ-0075,Health,Hospital,311.06,33,8,23.4,23.7,22.7,70.57,12,2,24.4,5,99.2,0,1,Good,0.6,0.0,0,0,0
PRJ-0076,Urban Development,Urban Infrastructure,1343.23,37,32,81.6,84.7,84.6,1163.59,24,0,0.0,47,93.2,0,1,Good,0.0,4.0,0,0,0
PRJ-0077,Energy,Power,2074.11,66,50,71.8,75.3,74.4,1563.17,18,3,52.0,121,79.3,0,2,Good,6.3,11.6,1,1,0
PRJ-0078,Water,Water Supply,151.84,24,8,27.1,33.1,29.5,46.27,18,2,34.6,10,91.0,2,0,Good,0.0,0.0,0,0,0
PRJ-0079,Urban Development,Urban Infrastructure,1358.65,43,29,56.4,68.6,56.0,766.54,8,1,34.1,10,76.1,3,0,Poor,10.6,12.2,1,1,1
PRJ-0080,Energy,Power,2475.36,36,36,95.2,99.1,95.4,2405.73,21,3,28.8,6,89.3,0,0,Good,0.4,0.0,0,0,0
PRJ-0081,Urban Development,Urban Infrastructure,1245.84,34,30,92.9,91.1,92.4,1130.24,7,0,0.0,2,95.8,0,1,Good,0.0,0.0,0,0,0
PRJ-0082,Transport,Road,1978.43,41,37,89.0,93.9,90.6,1794.11,12,3,30.9,3,56.7,0,0,Good,0.3,0.0,0,0,0
PRJ-0083,Energy,Power,3420.15,53,36,58.8,66.1,59.7,2087.74,14,1,41.2,,56.4,1,0,Average,3.1,0.8,0,0,0
PRJ-0084,Water,Water Supply,937.69,39,37,89.5,94.1,92.6,858.79,16,3,37.4,66,34.0,0,0,Good,5.4,4.4,0,0,0
PRJ-0085,Transport,Road,798.52,23,11,42.2,47.7,42.6,333.45,8,1,34.3,9,49.0,0,0,Good,1.1,0.0,0,0,0
PRJ-0086,Transport,Road,196.01,48,21,41.5,44.6,41.3,79.9,17,3,13.8,,97.5,1,1,Good,0.0,0.0,0,0,0
PRJ-0087,Water,Water Supply,491.92,21,16,77.3,79.3,76.6,371.31,15,2,32.4,1,90.4,0,1,Good,0.0,0.0,0,0,0
PRJ-0088,Education,School,150.0,15,13,81.3,87.6,83.5,126.18,9,2,19.3,6,97.4,2,2,Good,4.2,2.3,1,0,1
PRJ-0089,Urban Development,Urban Infrastructure,1278.98,21,12,46.0,56.4,44.3,578.65,10,2,59.1,19,75.7,1,2,Average,6.5,8.4,1,1,1
PRJ-0090,Urban Development,Urban Infrastructure,950.34,18,13,64.0,69.8,62.4,591.99,16,3,18.4,1,40.7,0,2,Average,3.3,7.5,0,0,0
PRJ-0091,Energy,Power,2593.1,60,49,83.9,82.2,87.8,2323.02,15,0,0.0,0,95.7,0,0,Good,0.0,0.0,0,0,0
PRJ-0092,Water,Water Supply,1062.05,18,12,62.6,71.1,65.3,716.53,10,1,23.1,2,79.3,2,0,Good,4.3,1.9,1,0,0
PRJ-0093,Water,Water Supply,270.2,40,18,23.8,43.3,24.7,67.57,17,7,78.0,10,77.9,5,1,Poor,15.8,17.3,1,1,1
PRJ-0094,Transport,Railway,1994.44,68,59,88.8,87.3,86.4,1726.75,6,0,,10,88.8,1,3,Good,0.0,2.5,0,0,0
PRJ-0095,Education,School,289.49,28,8,24.7,27.3,26.5,78.64,20,4,34.8,75,90.1,0,0,Good,0.0,0.0,0,0,1
PRJ-0096,Water,Water Supply,999.72,37,36,83.5,92.3,79.6,789.68,15,5,50.5,64,81.4,0,0,Poor,8.9,5.3,1,1,0
PRJ-0097,Transport,Railway,555.33,40,10,13.3,24.3,9.1,50.42,19,6,55.6,12,90.8,2,1,Average,5.8,4.8,1,0,0
PRJ-0098,Transport,Bridge,383.27,26,5,2.0,17.1,4.5,16.97,19,9,71.3,55,41.8,1,0,Poor,14.0,19.1,1,1,1
PRJ-0099,Urban Development,Urban Infrastructure,319.47,28,11,39.3,38.2,40.6,129.96,21,1,36.3,2,83.3,0,1,Good,0.0,1.8,0,0,0
PRJ-0100,Energy,Power,2751.91,40,34,81.0,87.2,83.2,2324.53,17,2,38.6,2,48.7,0,0,Average,3.9,1.2,1,0,0
PRJ-0101,Transport,Railway,4037.4,36,23,68.7,65.9,71.7,2987.56,25,5,10.9,3,78.9,0,0,Good,0.0,0.0,0,0,0
PRJ-0102,Transport,Railway,1484.53,57,56,93.6,96.1,91.8,1401.33,19,2,21.5,5,,1,0,Good,1.2,0.0,0,0,0
PRJ-0103,Health,Hospital,536.67,35,19,57.1,55.0,55.4,304.49,18,0,0.0,1,95.2,0,1,Average,0.0,1.1,0,0,0
PRJ-0104,Water,Water Supply,275.18,30,26,81.1,87.5,85.9,236.66,25,3,21.6,,48.1,1,0,Good,1.7,0.0,0,0,0
PRJ-0105,Transport,Road,697.44,44,30,53.2,66.6,54.1,385.64,19,4,55.8,6,81.5,2,0,Poor,7.7,5.8,1,1,1
PRJ-0106,Transport,Road,937.75,41,37,80.7,94.4,81.5,767.23,21,10,82.7,118,97.7,0,0,Poor,8.1,12.4,1,1,0
PRJ-0107,Transport,Road,1906.84,42,15,41.0,38.8,37.3,727.79,14,0,0.0,35,90.3,0,1,Good,0.0,0.0,0,0,0
PRJ-0108,Urban Development,Urban Infrastructure,93.83,31,19,52.1,60.3,50.8,49.45,24,6,29.2,7,,5,2,Good,9.3,10.1,1,1,0
PRJ-0109,Transport,Road,758.31,38,17,39.3,43.4,43.2,323.62,20,2,18.7,5,50.5,0,1,Good,1.2,0.0,0,0,0
PRJ-0110,Education,School,96.28,26,8,21.8,29.4,22.6,21.81,19,3,36.6,10,98.8,3,0,Average,1.6,1.4,0,0,0
PRJ-0111,Transport,Road,603.08,42,37,76.5,86.1,78.2,482.41,8,2,22.7,8,45.2,1,1,Good,4.4,2.8,1,0,0
PRJ-0112,Education,School,241.6,22,6,24.5,28.7,24.5,61.34,14,2,,31,91.8,2,0,Good,0.0,0.0,0,0,0
PRJ-0113,Health,Hospital,158.08,38,22,53.5,56.9,54.2,85.48,24,6,47.0,11,99.7,0,1,Average,0.7,0.0,0,0,0
PRJ-0114,Urban Development,Urban Infrastructure,867.42,20,13,70.0,67.7,68.8,590.37,6,0,0.0,10,93.3,0,2,Good,0.0,0.1,0,0,0
PRJ-0115,Water,Water Supply,1034.69,23,22,93.4,96.3,88.4,919.2,7,1,20.4,8,89.8,0,1,Average,0.0,0.0,0,0,0
PRJ-0116,Transport,Road,247.82,27,7,25.0,26.4,26.1,64.37,23,3,33.4,43,98.7,0,0,Good,0.0,0.0,0,0,0
PRJ-0117,Urban Development,Urban Infrastructure,925.98,34,11,18.0,32.5,15.8,147.04,24,6,34.4,4,50.1,5,0,Good,12.8,12.7,1,1,1
PRJ-0118,Transport,Railway,1968.2,55,36,57.1,64.4,55.5,1091.53,24,4,39.7,6,61.9,0,1,Good,3.6,4.2,1,0,0
PRJ-0119,Education,School,60.83,13,13,94.3,100.0,94.6,58.81,10,3,23.6,3,99.5,0,1,Good,0.0,0.2,0,0,0
PRJ-0120,Transport,Road,1757.3,37,16,30.2,38.5,33.6,607.41,18,3,27.4,5,25.9,0,1,Average,5.6,11.1,1,1,1
PRJ-0121,Water,Water Supply,209.29,30,23,65.8,78.3,71.1,154.16,25,9,41.6,11,99.3,4,1,Average,6.5,8.1,1,1,0
PRJ-0122,Water,Water Supply,645.4,25,18,65.8,72.1,66.1,426.09,18,3,17.0,7,43.3,0,1,Good,0.0,0.0,0,0,0
PRJ-0123,Energy,Power,3211.6,63,18,20.1,24.6,18.7,621.12,7,0,0.0,0,87.9,2,0,Good,0.0,0.0,0,0,0
PRJ-0124,Water,Water Supply,623.73,30,17,56.3,57.9,56.0,360.51,16,0,0.0,3,29.4,0,0,Average,0.0,0.8,0,0,0
PRJ-0125,Urban Development,Urban Infrastructure,969.56,21,20,88.5,95.4,86.6,837.88,12,2,40.0,0,87.3,2,0,Good,0.0,0.0,0,0,0
PRJ-0126,Transport,Railway,2905.47,72,63,79.7,88.5,76.1,2248.34,19,4,38.4,18,76.7,1,3,,2.6,7.4,0,1,0
PRJ-0127,Transport,Road,506.47,21,5,9.9,23.1,8.4,44.03,12,5,32.5,5,95.2,2,1,Poor,11.2,11.5,1,1,0
PRJ-0128,Energy,Power,3200.76,56,55,93.6,100.0,92.6,2971.17,17,6,42.1,34,97.9,1,1,Average,3.5,4.3,1,0,0
PRJ-0129,Health,Hospital,335.29,33,27,70.8,78.4,69.3,232.18,12,3,40.2,10,99.9,0,2,Average,7.9,8.8,1,1,1
PRJ-0130,Transport,Road,132.04,37,25,56.4,69.6,54.3,72.29,25,7,68.5,9,76.8,1,0,Poor,6.2,9.1,1,1,1
PRJ-0131,Transport,Bridge,695.04,44,26,63.2,61.3,63.2,447.94,18,0,0.0,9,87.7,0,0,Good,0.0,0.0,0,0,0
PRJ-0132,Energy,Power,3341.49,41,19,38.7,45.3,38.4,1309.94,7,3,35.1,6,91.1,0,1,Average,0.9,3.0,0,0,0
PRJ-0133,Transport,Road,117.05,34,18,52.1,52.2,51.5,62.28,17,1,12.4,0,89.0,0,0,Good,0.0,0.0,0,0,0
PRJ-0134,Health,Hospital,612.4,31,23,76.4,75.0,73.3,442.96,6,0,0.0,10,94.2,0,0,Average,0.0,0.0,0,0,0
PRJ-0135,Urban Development,Urban Infrastructure,1476.81,42,18,32.9,40.4,34.6,504.82,24,5,35.4,10,90.8,1,0,Average,0.9,0.0,0,0,0
PRJ-0136,Transport,Railway,1019.66,64,33,46.2,53.1,43.9,451.47,10,2,54.7,150,54.2,0,0,Good,6.8,9.7,1,1,0
PRJ-0137,Transport,Railway,2182.41,54,53,83.5,95.3,81.4,1842.26,25,8,33.0,10,,4,1,Good,2.8,2.6,0,0,0
PRJ-0138,Water,Water Supply,644.37,23,22,88.5,95.1,87.2,551.83,16,3,30.7,4,58.9,0,3,Average,6.6,12.2,1,1,0
PRJ-0139,Water,Water Supply,89.73,30,13,31.8,42.0,33.4,30.33,8,1,59.4,6,93.2,1,0,Poor,6.3,7.5,0,1,1
PRJ-0140,Transport,Road,906.74,24,11,37.5,45.1,38.2,339.75,24,5,31.4,3,79.8,1,0,Poor,8.0,10.9,1,1,0
PRJ-0141,Urban Development,Urban Infrastructure,1240.81,21,13,48.3,62.3,49.5,606.59,24,9,44.5,10,78.0,2,0,Average,4.6,2.4,1,0,1
PRJ-0142,Water,Water Supply,803.06,37,37,95.4,97.6,96.2,783.97,23,3,16.7,30,84.0,0,0,Good,0.1,0.0,0,0,0
PRJ-0143,Transport,Road,597.95,31,29,78.4,92.5,78.5,482.38,10,7,71.4,105,84.7,0,0,Poor,11.9,16.5,1,1,1
PRJ-0144,Energy,Power,3490.14,43,30,62.4,70.6,66.5,2371.05,10,1,43.0,35,54.0,1,1,Good,7.2,8.1,1,1,0
PRJ-0145,Transport,Railway,1063.39,65,60,84.2,92.3,85.9,899.62,6,2,42.8,5,92.6,0,1,Poor,1.4,2.9,0,0,0
PRJ-0146,Health,Hospital,355.16,37,9,23.1,22.4,24.8,90.99,21,1,43.4,16,95.4,1,1,Average,0.0,2.3,0,0,0
PRJ-0147,Transport,Road,335.25,22,14,52.1,65.4,51.1,175.05,6,2,45.0,2,85.5,1,0,Poor,10.0,6.8,1,1,1
PRJ-0148,Transport,Road,1116.91,27,23,76.8,87.0,76.1,834.24,10,3,20.8,4,,0,0,,4.1,3.7,0,0,0
PRJ-0149,Education,School,162.07,21,13,52.4,60.7,53.9,87.07,9,3,24.8,7,93.4,5,1,Good,10.6,8.1,1,1,1
PRJ-0150,Energy,Power,1475.7,62,62,100.0,100.0,100.0,1509.07,23,0,0.0,13,99.4,0,2,Good,0.0,0.0,0,0,0
PRJ-0151,Transport,Bridge,1527.07,43,27,61.8,64.6,60.3,937.1,9,2,36.3,14,90.9,1,0,Average,0.0,0.0,0,0,0
PRJ-0152,Health,Hospital,115.64,28,17,56.9,62.4,54.0,62.32,7,1,49.6,40,99.6,1,0,Good,0.0,0.0,0,0,0
PRJ-0153,Transport,Railway,1929.36,67,37,43.8,56.7,44.0,870.8,22,7,19.8,3,52.4,3,0,Good,6.3,4.4,1,0,0
PRJ-0154,Water,Water Supply,1003.96,19,5,15.4,26.8,13.3,137.68,17,3,46.4,3,80.0,1,1,Average,2.7,3.5,1,0,0
PRJ-0155,Energy,Power,1808.04,50,15,18.6,32.4,22.5,422.54,21,4,41.3,8,29.0,0,0,Average,12.9,13.6,1,1,1
PRJ-0156,Urban Development,Urban Infrastructure,1093.16,36,25,56.3,69.4,60.9,674.25,22,10,60.1,44,73.4,2,2,Poor,13.7,20.8,1,1,1
PRJ-0157,Energy,Power,2359.67,49,47,95.7,97.1,93.5,2282.68,23,4,25.9,58,87.3,0,0,Good,0.1,0.0,0,0,0
PRJ-0158,Health,Hospital,773.1,26,6,18.2,23.3,20.5,159.84,21,3,23.2,5,95.7,0,0,Good,0.0,0.0,0,0,0
PRJ-0159,Energy,Power,1040.28,55,23,38.1,40.4,37.9,392.02,24,0,0.0,10,67.3,1,1,Good,0.0,0.0,0,0,0
PRJ-0160,Transport,Road,2181.72,31,23,68.2,75.3,69.0,1550.46,21,3,38.7,2,76.1,0,0,Average,0.1,0.0,0,0,0
PRJ-0161,Transport,Road,549.63,26,15,47.9,57.6,46.1,253.83,10,1,71.2,22,99.1,0,0,Poor,11.2,12.7,1,1,1
PRJ-0162,Health,Hospital,832.83,26,12,50.5,49.3,47.4,391.22,19,0,0.0,5,98.8,0,2,Good,0.0,1.3,0,1,0
PRJ-0163,Transport,Road,1598.48,42,38,85.4,92.1,83.1,1374.05,10,2,63.0,5,96.8,2,2,Average,7.9,10.3,1,1,1
PRJ-0164,Transport,Road,2089.21,21,4,6.1,20.3,9.3,193.31,12,6,78.0,7,92.8,1,1,Poor,7.6,7.7,1,1,1
PRJ-0165,Transport,Road,988.91,37,15,28.9,36.6,24.4,243.95,25,6,33.5,96,71.0,0,0,Good,1.9,1.4,0,0,0
PRJ-0166,Water,Water Supply,248.37,19,8,40.9,41.3,38.1,97.49,23,3,32.0,7,83.9,0,0,Average,0.0,0.0,0,0,0
PRJ-0167,Education,School,21.63,13,10,61.2,74.4,62.0,13.31,7,3,55.1,9,91.3,4,0,Average,6.8,7.0,1,0,1
PRJ-0168,Urban Development,Urban Infrastructure,1363.3,37,12,30.0,33.8,33.1,457.62,19,3,24.3,6,89.1,1,2,Good,0.0,0.0,0,0,0
PRJ-0169,Energy,Power,3307.45,52,22,38.9,42.1,40.5,1327.6,7,0,0.0,2,66.3,0,0,Good,0.0,0.0,0,0,0
PRJ-0170,Transport,Railway,423.97,43,9,18.3,19.7,17.7,77.61,17,2,19.5,4,99.3,0,1,Average,0.0,0.0,0,0,0
PRJ-0171,Transport,Road,609.52,27,18,58.8,67.0,56.1,354.01,23,4,29.9,7,54.2,0,1,Average,2.8,3.1,0,0,0
PRJ-0172,Energy,Power,3782.43,53,46,82.2,88.0,84.9,3246.36,21,5,22.5,2,78.9,1,0,Average,4.2,0.0,1,0,0
PRJ-0173,Energy,Power,710.44,36,31,78.6,83.1,76.1,537.79,15,1,14.9,5,84.0,0,1,Good,0.7,0.0,0,0,0
PRJ-0174,Energy,Power,3622.84,63,55,84.8,87.0,88.1,3187.96,11,1,35.7,1,85.0,0,0,Average,0.0,0.0,0,0,0
PRJ-0175,Water,Water Supply,474.13,38,14,20.9,33.5,21.7,105.75,8,3,50.2,6,68.2,1,1,Poor,10.0,12.9,1,1,1
PRJ-0176,Transport,Road,883.26,38,24,55.0,65.6,52.9,468.97,24,5,41.6,17,93.6,3,0,Average,4.5,0.4,1,0,0
PRJ-0177,Energy,Power,3348.1,39,25,51.0,61.9,46.6,1602.15,23,7,41.0,7,93.7,4,0,Good,3.3,0.0,1,0,0
PRJ-0178,Energy,Power,1964.74,58,19,30.4,32.6,31.0,629.33,20,1,25.7,5,99.0,1,1,Good,2.4,1.2,0,0,0
PRJ-0179,Health,Hospital,410.87,31,7,16.1,20.6,17.8,74.97,10,2,14.8,8,97.7,0,4,Good,3.1,5.1,0,1,0
PRJ-0180,Transport,Road,954.86,33,7,13.6,18.3,18.0,174.24,24,3,49.1,58,78.1,0,1,Average,5.2,5.8,1,1,0
PRJ-0181,Transport,Road,1381.94,48,42,82.3,91.1,81.7,1107.1,25,6,61.2,43,80.3,1,4,Average,11.5,21.6,1,1,1
PRJ-0182,Urban Development,Urban Infrastructure,1227.95,25,10,25.7,38.1,30.0,372.8,14,3,48.7,9,44.4,0,2,Average,8.7,10.1,1,1,0
PRJ-0183,Education,School,282.85,25,23,87.4,91.2,81.7,238.01,19,3,50.7,51,90.5,1,0,Good,2.2,0.0,0,0,0
PRJ-0184,Water,Water Supply,150.45,32,22,58.7,69.4,58.9,89.59,15,3,44.2,5,46.7,0,0,Average,4.9,3.1,1,0,0
PRJ-0185,Health,Hospital,168.27,34,14,34.8,38.4,33.4,58.39,17,3,53.6,15,94.4,0,0,Average,0.0,0.0,0,0,0
PRJ-0186,Education,School,137.23,17,5,29.0,32.5,31.1,42.55,13,2,43.6,7,96.2,0,2,Average,2.1,3.9,1,0,0
PRJ-0187,Transport,Road,649.76,21,5,11.0,23.0,12.8,81.91,22,7,85.0,11,57.4,2,0,Poor,10.7,11.3,1,1,1
PRJ-0188,Water,Water Supply,573.52,32,11,29.5,33.8,34.0,194.07,7,0,0.0,10,53.6,0,3,Good,5.6,12.6,1,1,0
PRJ-0189,Transport,Road,1008.26,29,26,89.4,90.2,91.7,942.44,22,2,29.9,41,77.1,0,0,Good,0.0,0.0,0,0,0
PRJ-0190,Transport,Railway,2345.2,69,48,58.6,68.4,62.2,1482.32,19,4,59.2,5,46.0,1,0,Average,3.4,0.0,0,0,0
PRJ-0191,Transport,Road,1295.98,32,24,60.5,76.9,63.6,850.57,12,7,54.8,70,75.7,0,0,Average,9.2,9.1,1,1,0
PRJ-0192,Water,Water Supply,769.08,26,10,28.8,38.9,27.8,221.28,21,5,42.3,3,97.8,5,0,Average,6.0,1.3,1,0,0
PRJ-0193,Transport,Road,1709.73,28,15,50.8,53.5,54.3,931.59,16,4,14.9,41,86.5,0,0,Good,1.3,0.0,0,0,0
PRJ-0194,Transport,Railway,1286.28,39,36,84.7,93.9,86.4,1115.93,25,10,30.7,6,86.1,2,1,Average,4.3,7.1,1,1,1
PRJ-0195,Transport,Road,733.22,37,23,47.7,59.5,48.2,354.31,25,10,42.5,9,99.0,5,1,Average,8.1,8.6,1,0,1
PRJ-0196,Transport,Railway,562.39,62,47,72.1,77.2,71.0,403.47,13,3,32.5,11,97.7,0,0,Average,0.0,0.0,0,0,0
PRJ-0197,Water,Water Supply,655.24,38,14,22.5,38.0,22.6,149.47,25,8,77.7,19,85.6,2,0,Poor,9.4,7.1,1,1,1
PRJ-0198,Transport,Road,636.04,47,39,80.2,82.0,76.3,487.17,13,1,46.2,5,85.6,0,1,Average,0.0,0.0,0,0,0
PRJ-0199,Urban Development,Urban Infrastructure,509.15,48,31,54.9,64.4,54.7,276.29,17,7,25.5,1,89.3,3,1,Average,5.7,2.2,1,0,0
PRJ-0200,Transport,Railway,727.22,41,21,37.2,49.7,32.3,239.57,14,2,54.5,10,25.5,0,0,Average,7.3,6.8,1,1,0
PRJ-0201,Urban Development,Urban Infrastructure,277.19,37,11,28.8,31.0,28.9,82.62,22,3,30.7,24,96.7,1,3,Average,2.6,8.8,0,1,0
PRJ-0202,Transport,Road,342.93,39,26,62.5,64.4,62.1,216.06,11,0,0.0,1,92.9,0,0,Poor,0.6,1.1,0,0,0
PRJ-0203,Urban Development,Urban Infrastructure,1194.82,48,45,84.6,94.3,84.6,1031.84,17,1,29.1,3,30.7,0,0,Good,5.0,1.0,1,0,0
PRJ-0204,Transport,Road,1154.99,40,12,34.6,33.1,38.2,441.31,10,1,31.9,6,95.3,0,2,Good,0.0,0.0,0,0,0
PRJ-0205,Energy,Power,1347.25,42,33,69.9,77.7,72.2,981.78,24,9,75.8,109,91.4,0,1,Average,7.6,13.6,1,1,0
PRJ-0206,Urban Development,Urban Infrastructure,1184.38,45,40,76.9,86.8,82.6,969.34,24,3,44.8,41,36.0,0,0,Good,4.0,3.5,1,0,1
PRJ-0207,Transport,Road,438.54,35,15,32.8,42.9,31.6,136.63,7,1,92.0,150,81.2,0,0,Poor,11.2,15.3,1,1,1
PRJ-0208,Education,School,80.49,23,10,40.3,43.2,40.3,33.56,19,2,42.3,24,99.4,1,0,Average,1.7,1.5,0,0,1
PRJ-0209,Education,School,286.5,15,5,28.8,33.1,27.3,81.12,25,2,25.0,4,95.5,2,0,Good,0.0,0.0,0,0,0
PRJ-0210,Transport,Railway,756.46,55,30,41.4,54.2,44.5,333.3,21,6,83.9,5,52.2,0,1,Poor,11.9,14.9,1,1,1
PRJ-0211,Transport,Road,206.9,33,17,45.2,50.8,46.9,97.16,14,1,27.2,1,87.1,3,0,Good,0.7,0.0,0,0,0
PRJ-0212,Transport,Road,1123.57,22,19,80.9,86.4,75.7,876.56,20,7,41.6,4,86.0,0,0,Poor,3.1,2.7,1,1,1
PRJ-0213,Energy,Power,1175.07,51,29,58.0,56.7,57.5,667.04,13,0,0.0,9,87.8,0,0,Good,0.0,0.0,0,0,1
PRJ-0214,Transport,Bridge,777.58,57,26,37.9,46.7,39.3,316.87,9,3,40.9,8,76.3,1,0,Good,1.1,0.0,1,0,0
PRJ-0215,Transport,Railway,1881.68,69,49,72.7,71.2,72.0,1344.13,7,0,0.0,5,90.0,0,0,Average,0.0,0.0,0,0,0
PRJ-0216,Water,Water Supply,970.93,35,36,91.5,100.0,92.6,892.85,14,1,31.9,,33.2,1,2,Good,7.8,14.2,1,1,0
PRJ-0217,Energy,Power,1115.24,47,31,64.5,66.2,64.7,707.58,13,0,,2,94.8,0,0,Good,0.0,0.0,0,0,0
PRJ-0218,Water,Water Supply,1035.97,36,10,18.5,29.3,19.4,199.92,20,8,46.4,10,80.2,1,0,Average,9.7,3.0,1,0,0
PRJ-0219,Energy,Power,3358.28,32,10,10.7,27.7,13.0,437.94,16,7,26.7,0,30.2,2,0,Poor,10.7,14.2,1,1,1
PRJ-0220,Energy,Power,1130.73,48,24,41.6,47.1,43.9,490.77,22,3,33.4,0,79.5,1,0,Poor,3.5,4.2,0,0,0
PRJ-0221,Water,Water Supply,195.13,38,37,96.9,97.5,100.0,192.9,24,0,0.0,8,43.8,0,0,Good,0.2,0.0,0,0,0
PRJ-0222,Transport,Railway,2354.99,46,10,10.8,21.2,10.7,261.03,15,3,43.4,8,61.7,0,1,Average,7.1,9.2,1,1,0
PRJ-0223,Energy,Power,1751.48,65,46,69.6,73.5,66.0,1136.03,14,4,23.1,5,85.6,0,1,Good,0.0,0.0,0,0,1
PRJ-0224,Energy,Power,1773.1,42,20,39.7,46.2,42.7,787.1,10,3,19.1,8,95.2,0,1,Good,2.2,2.7,0,0,0
PRJ-0225,Energy,Power,1376.11,57,13,13.9,22.1,15.5,213.68,6,1,17.1,,87.4,0,4,Average,7.2,16.9,1,1,1
PRJ-0226,Transport,Bridge,1222.98,32,32,100.0,100.0,100.0,1213.16,25,1,13.6,10,84.2,0,0,Good,0.0,0.0,0,0,0
PRJ-0227,Energy,Power,2062.01,47,28,51.1,54.9,53.5,1112.99,19,3,35.8,,95.2,0,0,Average,4.6,1.6,1,0,0
PRJ-0228,Water,Water Supply,638.95,37,14,38.9,37.4,36.9,231.57,10,0,0.0,5,,0,1,Average,0.0,0.0,0,0,0
PRJ-0229,Transport,Road,501.43,39,27,63.8,66.0,67.2,342.68,21,0,0.0,8,,0,2,Good,3.6,2.7,1,0,0
PRJ-0230,Energy,Power,420.75,48,44,86.7,92.5,88.8,375.79,19,3,38.5,5,69.8,1,0,Average,5.4,0.3,1,0,1
PRJ-0231,Education,School,283.03,24,25,92.6,100.0,94.1,271.54,24,4,28.6,8,91.2,1,0,Good,0.0,0.0,0,0,0
PRJ-0232,Water,Water Supply,158.59,32,32,100.0,100.0,98.5,154.6,6,0,0.0,3,87.3,0,0,Good,0.0,0.0,0,0,0
PRJ-0233,Transport,Road,828.25,37,26,66.3,67.9,67.7,564.18,10,3,39.3,37,87.9,0,0,Good,3.3,0.0,1,0,0
PRJ-0234,Education,School,242.08,30,14,44.1,50.3,44.9,108.62,14,3,21.2,6,96.0,2,3,,4.4,6.5,1,1,0
PRJ-0235,Transport,Road,790.63,32,22,68.6,71.3,68.7,532.83,25,8,23.4,10,89.0,0,0,Good,0.0,0.0,0,0,0
PRJ-0236,Transport,Road,1726.69,33,24,65.0,73.6,65.1,1160.14,9,1,33.1,1,70.9,0,1,Good,2.0,4.3,1,0,0
PRJ-0237,Urban Development,Urban Infrastructure,321.88,22,15,71.8,69.0,71.4,235.71,22,1,25.4,6,91.7,0,0,Good,0.0,0.0,0,0,0
PRJ-0238,Transport,Road,2147.64,45,33,75.1,75.3,76.2,1653.08,9,1,21.1,10,96.7,0,0,Good,0.0,0.0,0,0,0
PRJ-0239,Urban Development,Urban Infrastructure,497.49,30,11,34.4,37.6,36.6,187.02,9,1,33.6,5,77.8,0,1,Good,0.0,0.0,0,0,0
PRJ-0240,Energy,Power,2064.01,49,45,84.6,90.0,87.6,1843.88,21,6,40.8,16,99.1,1,0,Average,1.5,1.1,0,0,0
PRJ-0241,Health,Hospital,447.8,26,20,77.9,79.0,82.4,368.46,17,1,49.0,10,99.9,1,0,Poor,4.8,4.4,1,0,0
PRJ-0242,Urban Development,Urban Infrastructure,1456.65,33,33,95.7,100.0,97.8,1469.54,8,3,23.9,33,87.2,0,1,Good,0.0,0.0,0,0,0
PRJ-0243,Education,School,183.86,14,6,43.3,43.6,45.8,87.21,9,1,10.9,6,94.2,0,3,Good,0.0,3.8,0,0,0
PRJ-0244,Water,Water Supply,769.42,29,17,50.2,57.8,48.7,368.44,10,1,36.2,33,45.6,0,0,Good,6.9,5.5,1,1,0
PRJ-0245,Transport,Road,1654.99,39,25,58.9,65.1,57.0,927.63,10,3,29.9,7,97.4,1,1,Good,2.4,1.9,0,0,0
PRJ-0246,Water,Water Supply,698.02,31,10,22.3,30.1,22.5,161.98,21,4,38.4,29,80.0,0,0,Average,0.7,0.0,0,0,0
PRJ-0247,Energy,Power,1555.38,38,17,38.9,45.2,40.8,626.26,25,3,24.6,10,99.1,2,0,Good,0.8,0.0,0,0,0
PRJ-0248,Transport,Railway,1948.28,72,48,56.3,64.3,58.4,1171.54,12,4,48.8,54,88.2,0,0,Average,1.5,0.0,0,0,0
PRJ-0249,Water,Water Supply,647.61,22,19,79.6,83.5,80.5,519.06,15,3,16.4,5,95.5,0,0,Good,0.0,0.0,0,0,0
PRJ-0250,Education,School,265.92,19,12,56.9,65.1,58.3,159.84,8,3,43.7,0,93.5,2,1,Average,5.3,5.1,1,0,0
PRJ-0251,Water,Water Supply,630.12,19,10,38.9,50.3,33.8,210.38,17,5,40.8,1,97.4,0,0,Average,0.0,0.0,0,0,0
PRJ-0252,Transport,Railway,3735.04,50,29,54.3,57.3,58.2,2194.93,23,2,,3,81.7,0,0,Average,0.5,0.0,1,0,0
PRJ-0253,Transport,Road,1237.25,29,29,88.8,100.0,85.6,1092.46,6,2,36.0,4,54.0,3,1,Good,9.6,9.0,1,1,1
PRJ-0254,Urban Development,Urban Infrastructure,267.26,18,8,32.8,44.3,34.8,96.01,25,8,56.3,4,84.9,1,0,Poor,6.4,4.1,1,1,0
PRJ-0255,Water,Water Supply,1049.29,26,27,96.3,100.0,95.3,1038.48,8,2,15.8,,83.7,0,2,Average,3.2,3.9,0,0,1
PRJ-0256,Transport,Railway,835.55,49,43,81.0,88.1,80.3,667.23,24,3,27.0,5,43.6,1,1,Good,3.4,0.0,1,0,0
PRJ-0257,Water,Water Supply,521.42,31,12,29.0,40.6,28.1,144.64,25,11,77.4,96,91.6,2,4,Poor,20.0,30.8,1,1,1
PRJ-0258,Energy,Power,1812.84,58,48,80.2,82.7,81.0,1443.29,8,0,0.0,9,70.9,0,1,Average,2.5,0.0,0,0,0
PRJ-0259,Transport,Road,1690.33,48,15,25.4,32.5,31.2,547.21,11,2,,9,83.7,5,0,Good,5.8,3.9,1,0,1
PRJ-0260,Transport,Bridge,1092.42,52,33,59.8,64.3,59.7,675.32,10,1,33.2,6,77.2,0,1,Average,0.1,4.0,0,0,0
PRJ-0261,Water,Water Supply,87.42,38,28,67.4,73.8,71.3,64.36,15,3,16.7,7,60.9,2,0,Good,0.0,0.0,0,0,0
PRJ-0262,Water,Water Supply,360.19,25,7,32.1,30.5,34.3,127.38,9,0,0.0,1,98.9,0,3,Good,0.0,4.6,0,1,0
PRJ-0263,Energy,Power,502.14,61,50,75.1,80.1,73.1,367.7,9,2,24.3,,51.3,0,2,Good,3.3,6.9,0,0,0
PRJ-0264,Transport,Road,1640.0,48,10,15.9,24.4,17.4,280.92,6,2,43.1,7,82.1,2,1,Good,3.6,0.0,1,0,0
PRJ-0265,Transport,Railway,3649.74,48,44,90.0,92.0,87.4,3130.84,14,0,0.0,4,80.1,2,1,Good,0.4,0.0,0,0,0
PRJ-0266,Transport,Road,1422.82,20,6,30.2,31.9,27.9,402.24,13,2,27.1,7,96.0,0,0,Good,0.0,0.0,0,0,0
PRJ-0267,Energy,Power,770.95,30,10,35.9,33.3,39.0,297.21,10,0,0.0,2,88.1,0,4,Good,0.0,6.3,0,1,0
PRJ-0268,Energy,Power,3730.19,38,13,21.7,31.8,19.8,757.79,12,3,31.6,25,25.3,1,0,Good,8.2,5.3,1,1,1
PRJ-0269,Transport,Railway,919.49,69,48,53.4,69.1,52.2,494.38,25,6,49.6,4,61.1,2,0,Average,7.7,1.6,1,0,0
PRJ-0270,Energy,Power,393.59,53,49,85.2,89.5,87.7,351.68,6,0,0.0,,79.5,2,0,Good,0.0,0.0,0,0,0
PRJ-0271,Urban Development,Urban Infrastructure,161.26,36,32,76.9,91.9,76.9,127.91,7,2,,10,,5,1,Good,9.3,13.1,1,1,1
PRJ-0272,Water,Water Supply,992.62,23,22,87.7,91.5,91.8,918.17,22,1,,10,79.8,1,3,Good,3.7,10.2,0,1,0
PRJ-0273,Health,Hospital,645.73,27,7,25.2,25.6,25.1,168.25,15,2,38.7,86,91.8,0,0,Good,1.1,0.0,0,0,0
PRJ-0274,Transport,Road,647.78,47,14,26.1,29.1,25.7,172.85,17,2,22.8,36,92.5,0,1,Good,0.0,1.6,0,0,0
PRJ-0275,Energy,Power,3829.73,55,39,64.1,71.5,66.1,2496.0,16,3,16.5,9,31.4,0,1,Average,4.9,5.4,1,1,0
PRJ-0276,Energy,Power,3692.71,54,17,26.8,31.6,26.8,1018.62,17,2,32.8,6,88.4,2,2,Average,6.8,12.5,1,1,0
PRJ-0277,Urban Development,Urban Infrastructure,197.35,39,32,76.0,80.9,76.4,153.32,18,4,24.6,10,87.2,2,0,,3.1,0.0,0,0,1
PRJ-0278,Health,Hospital,109.06,37,29,76.8,78.4,76.6,83.51,16,2,43.8,18,90.2,0,2,Good,0.4,0.0,1,0,0
PRJ-0279,Transport,Railway,3374.14,57,56,94.4,98.2,100.0,3362.29,9,0,0.0,1,46.2,0,3,Good,1.9,5.8,0,1,0
PRJ-0280,Transport,Road,1742.31,39,12,30.1,31.5,28.6,492.87,8,0,0.0,10,83.1,0,1,Poor,4.7,3.7,0,1,0
PRJ-0281,Energy,Power,2413.86,35,26,70.8,72.6,70.1,1736.5,25,0,0.0,15,75.7,0,4,Good,0.0,5.1,0,0,0
PRJ-0282,Energy,Power,1794.67,59,26,28.3,42.0,30.7,546.33,20,8,69.4,0,83.4,3,0,Poor,12.9,11.4,1,1,1
PRJ-0283,Transport,Road,164.87,36,21,48.5,58.9,47.4,78.65,25,4,38.8,7,77.8,0,1,Poor,6.9,7.7,1,1,0
PRJ-0284,Energy,Power,825.22,45,39,78.7,85.0,75.6,617.17,14,3,54.5,92,81.1,0,0,Average,4.9,3.5,1,0,0
PRJ-0285,Water,Water Supply,62.67,29,24,78.8,84.2,82.8,52.09,24,1,16.4,2,56.5,1,4,Good,7.2,16.5,1,1,0
PRJ-0286,Education,School,178.68,19,8,31.2,41.4,29.9,53.32,20,9,44.2,3,96.9,2,0,Poor,8.8,8.0,1,1,0
PRJ-0287,Water,Water Supply,1091.85,26,22,85.1,85.6,86.8,959.4,14,1,,8,91.1,1,0,Good,0.0,0.0,0,0,0
PRJ-0288,Transport,Railway,821.96,55,54,94.5,96.8,96.0,787.88,11,0,0.0,20,78.9,0,1,Good,0.0,0.0,0,0,1
PRJ-0289,Education,School,134.46,16,16,96.5,100.0,99.9,133.86,18,2,30.2,19,93.2,1,0,Average,2.5,0.8,0,0,0
PRJ-0290,Transport,Railway,2096.49,45,42,88.9,91.1,89.1,1898.27,15,0,0.0,10,88.3,1,0,Good,0.0,0.0,0,0,0
PRJ-0291,Urban Development,Urban Infrastructure,165.61,34,18,34.1,51.3,33.0,54.52,24,8,79.7,5,49.1,1,4,Poor,16.0,26.3,1,1,1
PRJ-0292,Urban Development,Urban Infrastructure,1008.13,24,21,79.0,90.7,77.9,808.93,15,4,33.9,2,78.7,1,0,Poor,4.8,6.2,1,0,0
PRJ-0293,Transport,Road,1810.45,20,20,91.4,100.0,93.7,1702.13,17,2,36.8,9,61.3,1,1,Good,0.0,0.9,0,0,0
PRJ-0294,Transport,Railway,924.59,45,14,23.8,29.7,23.9,216.9,11,2,61.3,54,90.4,0,0,Average,5.7,3.9,1,1,0
PRJ-0295,Urban Development,Urban Infrastructure,222.16,29,28,92.6,97.9,92.5,207.73,10,2,26.6,6,51.3,0,4,Good,5.9,12.5,1,1,0
PRJ-0296,Transport,Road,1633.06,27,13,34.8,46.6,35.9,590.02,19,3,49.4,4,31.5,4,1,Good,10.4,9.1,1,1,1
PRJ-0297,Health,Hospital,425.93,21,16,71.8,76.2,67.6,291.0,10,2,30.9,41,99.6,0,0,Good,0.8,0.0,0,0,0
PRJ-0298,Urban Development,Urban Infrastructure,833.4,19,17,79.4,92.6,78.7,681.27,25,6,41.2,5,92.0,0,0,Poor,4.8,4.0,1,0,1
PRJ-0299,Education,School,132.4,30,30,91.2,100.0,96.9,130.37,22,3,,0,96.4,0,0,Average,0.0,0.0,0,0,0
PRJ-0300,Education,School,198.66,20,18,82.0,87.8,81.9,166.91,17,2,65.7,44,92.5,1,2,Average,4.4,11.2,0,1,0
PRJ-0301,Urban Development,Urban Infrastructure,894.15,34,8,21.9,25.6,24.7,221.06,16,1,40.8,0,79.5,0,2,Average,4.7,2.6,0,0,0
PRJ-0302,Transport,Bridge,317.14,29,22,63.7,73.7,68.0,221.88,20,2,31.9,12,42.2,0,0,Good,4.7,0.1,1,0,1
PRJ-0303,Energy,Power,1313.02,61,24,32.1,39.3,30.1,396.49,6,2,44.1,3,82.4,1,0,Poor,4.9,8.6,1,1,0
PRJ-0304,Transport,Railway,715.87,44,21,37.9,48.5,37.8,269.28,22,4,29.8,1,63.4,2,1,Average,7.2,8.1,1,1,1
PRJ-0305,Water,Water Supply,782.07,27,13,34.3,47.1,41.4,332.33,6,2,41.4,31,82.9,1,2,Poor,14.4,19.6,1,1,1
PRJ-0306,Energy,Power,2835.81,56,29,44.6,50.0,46.0,1291.57,8,1,40.3,8,81.3,0,2,Good,4.8,4.7,1,1,1
PRJ-0307,Health,Hospital,217.02,37,23,56.6,62.9,55.8,119.15,24,3,37.0,2,96.0,1,4,Good,4.8,12.5,0,1,1
PRJ-0308,Education,School,256.21,30,9,28.9,29.4,28.4,74.54,22,2,,9,97.0,1,1,Good,0.0,0.0,0,0,0
PRJ-0309,Transport,Bridge,1591.61,56,36,58.4,65.5,56.8,931.4,13,2,50.8,1,79.6,0,0,Average,3.6,0.3,1,0,0
PRJ-0310,Health,Hospital,229.8,38,31,83.2,80.2,80.9,185.05,12,0,0.0,4,98.4,0,1,Good,0.0,0.0,0,0,0
PRJ-0311,Energy,Power,2409.4,36,30,70.9,80.0,71.6,1712.41,9,3,53.6,29,87.0,0,0,Average,2.2,0.0,0,0,0
PRJ-0312,Education,School,118.03,18,17,86.5,96.3,89.6,103.86,20,8,17.8,5,96.6,3,0,Good,0.0,0.0,0,0,0
PRJ-0313,Energy,Power,1728.4,54,31,46.3,57.4,43.2,750.6,13,4,31.7,2,97.0,1,0,Poor,9.4,7.3,1,1,1
PRJ-0314,Transport,Road,1618.95,24,10,25.0,41.1,24.9,408.68,17,7,51.8,25,63.8,3,1,Average,15.2,13.8,1,1,1
PRJ-0315,Energy,Power,783.05,61,29,47.3,50.1,50.0,391.65,7,1,18.2,1,98.0,1,2,Average,0.1,1.2,0,0,0
PRJ-0316,Transport,Road,2011.49,31,10,5.0,30.1,11.4,232.52,9,5,75.2,10,69.6,5,1,Poor,18.7,28.5,1,1,1
PRJ-0317,Transport,Road,413.92,47,41,69.3,84.7,69.3,292.67,24,6,26.0,37,,0,1,Poor,12.0,14.8,1,1,1
PRJ-0318,Energy,Power,3788.75,46,31,56.9,65.8,57.8,2252.13,6,3,41.7,5,68.9,3,2,Good,7.2,9.2,1,1,0
PRJ-0319,Energy,Power,3208.69,36,26,72.9,73.2,74.5,2354.08,13,0,0.0,1,94.8,3,3,Good,3.1,7.8,0,1,0
PRJ-0320,Transport,Bridge,1397.87,38,13,28.3,35.2,31.7,452.29,17,5,48.5,4,81.3,1,1,Average,6.0,6.6,1,1,0
PRJ-0321,Urban Development,Urban Infrastructure,1498.72,24,9,32.7,35.2,33.6,505.35,18,1,16.9,5,66.5,0,1,,0.0,4.3,0,0,0
PRJ-0322,Energy,Power,891.34,33,17,46.9,53.8,48.5,434.47,12,2,52.2,2,98.6,0,3,Average,5.5,11.8,1,1,0
PRJ-0323,Urban Development,Urban Infrastructure,899.65,28,22,70.0,82.7,71.9,666.81,13,3,54.7,3,54.9,3,3,Average,14.3,22.6,1,1,1
PRJ-0324,Transport,Road,2169.1,37,35,93.8,92.5,97.0,2110.17,12,0,0.0,9,93.3,0,2,Good,0.0,2.0,0,0,0
PRJ-0325,Energy,Power,2544.21,48,16,24.6,36.8,25.1,646.71,19,6,53.0,15,52.0,0,2,Average,6.2,8.6,1,1,0
PRJ-0326,Urban Development,Urban Infrastructure,243.65,47,44,86.2,93.7,84.4,202.52,13,3,30.1,7,80.5,1,0,Average,2.7,0.0,0,0,0
PRJ-0327,Transport,Road,1418.13,37,16,37.3,41.0,34.3,483.4,15,2,24.2,16,78.0,0,0,Average,0.9,0.0,0,0,0
PRJ-0328,Transport,Bridge,1569.59,37,23,52.7,61.6,51.8,828.67,13,6,47.4,7,82.1,0,0,Average,4.2,1.8,1,0,0
PRJ-0329,Education,School,276.08,15,15,100.0,99.9,100.0,279.89,24,1,13.3,5,92.3,0,3,Good,0.0,5.4,0,0,0
PRJ-0330,Urban Development,Urban Infrastructure,486.85,20,14,66.3,67.8,67.6,339.5,19,0,0.0,2,91.0,0,1,Good,0.0,0.0,0,0,0
PRJ-0331,Urban Development,Urban Infrastructure,1239.09,24,22,84.3,90.7,86.0,1104.21,6,0,0.0,8,77.6,0,2,Poor,2.6,8.6,0,1,0
PRJ-0332,Urban Development,Urban Infrastructure,989.47,32,11,19.3,33.2,19.0,186.59,15,6,41.3,7,76.8,1,2,Poor,12.5,15.2,1,1,1
PRJ-0333,Energy,Power,1482.64,31,13,31.3,38.4,33.8,501.25,6,2,26.1,5,58.6,2,1,Good,5.2,3.1,1,0,0
PRJ-0334,Energy,Power,651.33,38,27,60.8,70.8,62.3,409.4,7,2,30.8,33,51.2,1,0,Good,4.1,0.0,1,0,0
PRJ-0335,Transport,Road,734.78,25,12,41.8,46.4,42.2,318.57,25,2,35.8,1,78.3,0,0,Average,1.6,0.0,0,0,0
PRJ-0336,Transport,Road,1573.1,18,9,43.0,49.7,38.9,628.36,21,5,35.3,67,81.1,1,0,Good,4.4,0.0,1,0,0
PRJ-0337,Water,Water Supply,836.04,22,13,54.0,61.4,52.8,449.32,25,4,43.8,29,76.9,0,2,Average,7.7,10.7,1,1,1
PRJ-0338,Transport,Bridge,1646.91,60,22,39.3,38.0,37.8,619.31,10,0,0.0,10,94.2,0,1,Good,0.0,0.0,0,0,0
PRJ-0339,Energy,Power,2953.05,66,39,57.0,62.7,57.1,1700.66,8,1,34.1,19,84.8,0,0,Good,0.0,0.0,0,0,0
PRJ-0340,Transport,Bridge,607.64,59,39,60.5,67.8,63.1,381.19,6,0,0.0,0,52.8,0,0,Average,0.4,0.0,1,0,0
PRJ-0341,Education,School,171.68,12,12,92.6,100.0,94.7,159.53,20,5,43.9,75,92.2,4,0,Good,4.4,2.1,1,0,1
PRJ-0342,Transport,Bridge,1277.41,34,30,82.9,88.7,86.6,1087.44,24,1,45.8,37,75.6,0,0,Good,3.1,1.7,1,0,0
PRJ-0343,Transport,Bridge,528.0,43,15,29.4,38.6,31.2,161.92,19,7,42.4,2,86.8,1,1,Average,5.0,7.8,1,1,1
PRJ-0344,Transport,Road,467.8,21,17,83.9,82.4,85.9,394.19,23,0,0.0,30,93.9,0,4,Good,0.0,8.7,0,1,0
PRJ-0345,Water,Water Supply,306.72,18,17,78.6,91.8,81.6,253.71,19,5,19.8,5,47.7,3,0,Good,8.9,7.8,1,1,0
PRJ-0346,Transport,Road,872.73,43,27,59.6,63.4,61.0,546.86,24,1,13.5,0,88.7,0,0,Good,0.0,0.0,0,0,0
PRJ-0347,Water,Water Supply,409.87,41,42,100.0,100.0,100.0,402.93,10,0,0.0,5,83.2,2,3,Good,0.0,1.7,0,0,0
PRJ-0348,Water,Water Supply,279.9,25,15,51.6,60.5,55.2,155.98,25,6,28.6,5,81.1,1,0,Average,3.1,4.6,1,0,0
PRJ-0349,Transport,Road,380.31,44,23,53.8,50.8,52.4,201.59,8,0,0.0,5,99.9,0,1,Good,0.0,0.0,0,0,0
PRJ-0350,Water,Water Supply,150.93,37,14,37.8,38.9,34.5,52.84,15,1,24.4,26,98.8,0,0,Good,0.0,0.0,0,0,0
PRJ-0351,Water,Water Supply,1034.31,24,23,92.3,97.8,91.6,962.81,18,1,22.3,5,64.4,1,0,Good,5.3,0.0,1,0,0
PRJ-0352,Urban Development,Urban Infrastructure,609.69,18,5,21.9,29.5,19.7,124.04,14,1,41.6,46,61.5,2,3,Good,12.7,17.1,1,1,1
PRJ-0353,Transport,Railway,558.71,50,38,71.6,78.5,76.4,434.71,6,0,,,36.7,1,0,Good,0.6,0.0,0,0,0
PRJ-0354,Transport,Railway,1578.98,43,40,90.3,94.8,92.0,1462.94,21,6,55.3,22,81.1,1,0,Average,2.8,1.1,1,0,0
PRJ-0355,Water,Water Supply,137.43,20,10,37.7,49.0,38.0,54.1,16,3,59.9,1,33.0,3,1,Poor,9.2,12.4,1,1,1
PRJ-0356,Health,Hospital,216.7,36,18,50.3,54.6,49.0,105.93,9,2,22.8,7,90.9,1,0,Average,4.2,2.8,0,0,1
PRJ-0357,Transport,Road,421.38,28,26,88.2,98.3,89.3,375.01,8,1,49.5,0,41.1,0,0,Average,4.1,0.0,0,0,0
PRJ-0358,Urban Development,Urban Infrastructure,899.85,40,27,55.3,69.9,60.7,543.4,7,4,67.2,84,83.3,0,0,Poor,8.5,12.1,1,1,1
PRJ-0359,Urban Development,Urban Infrastructure,1114.82,22,8,43.1,40.2,40.1,457.06,12,0,0.0,4,93.2,1,4,Good,0.0,10.4,0,1,0
PRJ-0360,Water,Water Supply,905.17,36,11,28.6,32.3,34.1,309.5,10,3,15.4,0,58.5,1,0,Good,0.0,0.0,0,0,0
PRJ-0361,Energy,Power,2763.67,45,28,49.2,58.8,50.8,1401.41,7,2,33.7,2,97.2,3,0,Good,3.2,0.7,0,0,0
PRJ-0362,Energy,Power,3189.73,61,32,39.8,52.1,39.1,1282.03,9,3,63.9,12,81.4,5,1,Average,10.0,12.4,1,1,1
PRJ-0363,Urban Development,Urban Infrastructure,564.64,33,12,31.2,36.7,32.8,191.7,25,3,37.9,65,90.7,0,0,Average,0.0,2.7,0,0,1
PRJ-0364,Education,School,46.18,20,17,71.0,82.3,71.5,34.21,6,2,49.3,47,95.4,1,1,Average,6.5,4.3,1,0,1
PRJ-0365,Transport,Bridge,536.46,26,21,77.6,80.5,78.2,420.55,7,1,41.0,10,90.5,0,0,Good,0.0,0.0,0,0,0
PRJ-0366,Transport,Road,327.72,25,20,70.1,79.4,72.5,245.81,24,5,51.8,8,70.7,0,1,Average,2.0,0.3,1,0,0
PRJ-0367,Health,Hospital,543.38,20,8,35.9,39.6,29.3,159.25,11,4,29.8,16,91.4,1,0,Good,0.0,0.0,0,0,1
PRJ-0368,Urban Development,Urban Infrastructure,537.95,42,35,76.8,83.8,81.1,440.68,17,4,23.1,1,97.4,1,0,Average,1.4,0.0,0,0,0
PRJ-0369,Transport,Railway,4031.75,60,30,41.9,49.9,40.3,1610.31,19,3,30.0,6,78.1,0,0,Good,1.9,0.0,1,0,0
PRJ-0370,Transport,Railway,2570.09,36,15,35.8,43.1,39.1,987.27,22,5,61.8,7,98.3,1,3,Average,2.7,11.9,0,1,1
PRJ-0371,Health,Hospital,685.15,41,32,77.2,77.4,82.3,560.68,21,0,0.0,0,96.7,0,1,Good,0.0,0.0,0,0,0
PRJ-0372,Energy,Power,1253.55,50,48,96.2,98.3,100.0,1292.77,9,0,0.0,7,93.0,2,2,Good,0.0,0.0,0,0,0
PRJ-0373,Urban Development,Urban Infrastructure,632.86,32,33,90.0,100.0,92.5,598.37,6,3,30.1,0,79.6,2,1,Average,5.5,8.0,0,1,1
PRJ-0374,Water,Water Supply,436.3,29,9,18.5,29.0,19.6,85.02,23,4,29.5,30,39.1,0,0,Good,6.2,2.6,0,0,0
PRJ-0375,Energy,Power,3773.73,42,40,91.9,95.1,98.6,3672.34,18,1,,,62.4,0,2,Good,2.3,8.1,0,0,0
PRJ-0376,Health,Hospital,644.59,34,11,30.8,30.6,30.2,199.89,17,1,31.0,0,91.0,0,0,Good,0.0,0.0,0,0,0
PRJ-0377,Water,Water Supply,529.01,34,15,41.7,42.5,35.0,186.7,15,1,24.6,3,89.1,1,0,Good,0.0,0.0,0,0,0
PRJ-0378,Energy,Power,1445.16,44,28,46.3,58.3,47.1,684.45,23,4,41.2,11,31.8,0,1,Average,6.3,4.8,1,1,0
PRJ-0379,Urban Development,Urban Infrastructure,352.7,26,14,47.0,53.4,47.5,174.03,6,1,28.5,4,76.0,0,1,,1.3,2.2,1,0,0
PRJ-0380,Transport,Bridge,769.07,27,19,59.8,68.0,62.4,495.8,11,1,,5,85.2,0,0,Average,0.8,0.0,0,0,1
PRJ-0381,Urban Development,Urban Infrastructure,778.77,38,34,72.7,90.3,76.8,592.28,6,4,88.7,9,94.4,3,3,Poor,13.4,27.1,1,1,1
PRJ-0382,Health,Hospital,149.29,37,13,36.2,35.3,36.7,55.24,20,0,0.0,10,93.2,0,0,Good,0.0,0.0,0,0,0
PRJ-0383,Urban Development,Urban Infrastructure,321.85,23,6,19.1,27.5,16.2,52.44,19,1,64.2,1,81.5,2,2,Average,6.0,12.1,1,1,1
PRJ-0384,Education,School,133.42,16,15,93.6,97.1,95.5,129.21,11,2,37.4,10,93.5,0,0,Average,0.0,0.3,0,0,0
PRJ-0385,Energy,Power,1170.31,64,29,43.6,45.0,37.6,436.17,23,1,20.5,5,93.2,0,2,Good,0.0,2.8,0,0,0
PRJ-0386,Water,Water Supply,746.88,32,20,50.8,60.6,51.2,380.91,22,2,33.7,2,31.3,0,1,Poor,4.3,5.8,1,1,1
PRJ-0387,Urban Development,Urban Infrastructure,343.68,25,18,70.8,73.7,74.1,253.59,24,1,24.8,3,97.5,1,0,Good,0.0,0.0,0,0,0
PRJ-0388,Water,Water Supply,861.65,27,24,78.2,89.1,76.6,647.46,21,7,61.8,9,95.8,1,0,Average,5.4,3.1,1,0,0
PRJ-0389,Transport,Railway,757.26,58,20,21.7,32.7,27.5,207.58,21,3,29.4,9,31.5,5,1,Good,9.8,12.7,1,1,0
PRJ-0390,Urban Development,Urban Infrastructure,489.01,34,11,30.4,36.6,32.6,159.26,7,2,45.2,6,68.2,4,2,Good,8.7,11.1,1,1,1
PRJ-0391,Energy,Power,2823.38,48,22,36.2,47.3,38.2,1109.23,13,1,78.5,7,58.8,0,1,Poor,6.8,12.6,1,1,1
PRJ-0392,Health,Hospital,558.99,37,10,27.1,26.8,29.7,167.32,6,0,0.0,51,94.6,0,0,Good,0.0,2.6,0,0,0
PRJ-0393,Water,Water Supply,199.57,20,13,55.5,66.1,54.4,112.69,7,2,35.4,8,77.6,2,1,Good,9.7,7.0,1,1,0
PRJ-0394,Urban Development,Urban Infrastructure,1436.59,41,23,57.9,54.9,58.3,861.52,16,0,0.0,32,97.4,0,2,Good,0.0,1.8,0,0,0
PRJ-0395,Energy,Power,3484.27,58,12,16.6,18.7,15.6,561.48,12,1,33.9,8,60.2,0,0,,0.4,0.0,0,0,0
PRJ-0396,Health,Hospital,464.61,36,21,50.0,57.1,46.5,215.88,7,2,28.4,11,95.3,1,2,,2.3,2.4,0,0,0
PRJ-0397,Water,Water Supply,148.25,42,14,27.4,30.3,29.8,43.64,22,3,31.6,14,,1,1,Good,1.6,2.8,0,0,0
PRJ-0398,Water,Water Supply,847.95,25,9,28.9,33.7,26.1,221.76,15,1,30.2,31,86.4,0,1,Good,0.0,2.5,0,0,0
PRJ-0399,Urban Development,Urban Infrastructure,1223.61,24,19,61.9,77.5,59.2,721.97,14,5,27.7,3,30.8,2,1,Average,10.8,11.4,1,1,1
PRJ-0400,Energy,Power,1825.66,38,12,19.2,31.0,21.5,404.49,15,3,28.5,10,75.2,3,0,Good,4.4,2.6,1,1,1
PRJ-0401,Transport,Road,1745.56,21,5,17.9,28.2,17.4,301.23,22,9,51.7,58,79.0,2,1,Good,7.5,6.4,1,0,0
PRJ-0402,Energy,Power,2505.79,61,14,9.3,23.1,10.4,267.1,20,11,47.4,21,70.1,0,1,Poor,8.9,11.8,1,1,1
PRJ-0403,Water,Water Supply,792.88,40,17,35.2,44.0,37.4,307.55,15,3,51.7,38,95.2,5,0,Average,10.2,8.6,1,1,1
PRJ-0404,Energy,Power,2848.87,62,48,61.1,75.2,60.6,1745.02,19,4,59.2,50,33.1,3,4,Good,12.7,27.9,1,1,1
PRJ-0405,Transport,Road,147.07,44,29,49.8,62.3,47.9,69.8,15,4,43.2,8,68.8,3,0,Average,4.3,1.7,1,0,0
PRJ-0406,Water,Water Supply,586.44,33,26,65.9,75.8,64.5,374.81,21,7,82.3,52,98.6,1,0,Poor,5.9,10.5,1,1,0
PRJ-0407,Water,Water Supply,311.09,26,26,94.6,98.6,94.3,287.88,17,2,,17,79.0,1,0,Good,0.0,0.0,0,0,0
PRJ-0408,Education,School,270.9,19,10,38.8,52.7,38.6,107.22,21,10,49.2,1,92.3,2,4,Poor,13.7,27.8,1,1,1
PRJ-0409,Transport,Railway,3487.33,38,25,65.0,68.9,63.7,2306.99,9,0,0.0,5,87.9,2,0,Average,0.0,0.0,0,0,0
PRJ-0410,Transport,Bridge,298.99,45,32,60.9,72.8,62.0,188.03,21,5,23.6,6,79.5,4,2,Good,8.5,9.7,1,1,0
PRJ-0411,Water,Water Supply,998.18,35,25,72.3,72.7,73.7,748.91,15,1,28.0,2,94.8,0,0,Good,0.0,0.0,0,0,0
PRJ-0412,Water,Water Supply,1021.62,18,14,68.7,78.7,71.3,756.76,19,6,28.9,14,64.1,1,0,Good,0.5,0.0,0,0,0
PRJ-0413,Health,Hospital,795.97,18,18,100.0,100.0,99.0,796.05,19,2,23.1,,96.4,0,0,Average,0.0,0.0,0,0,0
PRJ-0414,Water,Water Supply,370.78,29,13,42.1,39.9,41.2,155.8,10,0,0.0,1,98.6,0,1,Average,0.0,0.0,0,0,0
PRJ-0415,Transport,Road,1848.47,35,18,46.0,51.8,49.9,939.05,13,2,42.0,75,84.7,0,1,Average,2.6,9.2,1,1,0
PRJ-0416,Energy,Power,1872.44,41,18,36.4,43.8,36.6,712.45,21,1,,8,58.7,0,0,Good,0.5,0.0,0,0,0
PRJ-0417,Transport,Road,388.81,30,12,23.8,41.5,28.1,109.6,23,6,39.4,2,97.6,5,0,Poor,12.4,17.1,1,1,1
PRJ-0418,Water,Water Supply,892.14,33,27,77.1,83.6,79.0,691.41,15,2,38.3,5,69.0,2,0,Good,6.2,1.3,1,0,0
PRJ-0419,Education,School,184.73,26,24,81.2,90.2,79.7,145.53,18,7,68.0,13,90.7,0,0,Poor,5.3,0.9,1,0,0
PRJ-0420,Urban Development,Urban Infrastructure,846.71,35,24,64.9,70.6,63.2,534.51,24,3,32.1,9,75.8,0,4,Average,6.6,12.6,1,1,1
PRJ-0421,Transport,Road,1364.46,43,11,12.2,22.1,11.7,164.43,11,2,41.4,6,46.4,1,0,Good,2.5,0.0,1,0,1
PRJ-0422,Water,Water Supply,963.13,33,30,85.2,90.8,80.1,791.79,20,2,47.7,5,98.8,1,0,Good,0.0,0.0,0,0,0
PRJ-0423,Education,School,230.86,13,4,15.9,25.9,19.3,46.09,11,3,81.5,68,90.9,1,2,Poor,11.8,15.9,1,1,1
PRJ-0424,Urban Development,Urban Infrastructure,402.34,38,12,17.7,29.5,19.0,76.92,21,4,33.0,2,82.0,1,1,Average,1.9,3.4,0,0,0
PRJ-0425,Energy,Power,1310.13,64,36,50.5,56.2,49.3,640.96,15,3,32.3,14,79.9,1,0,Average,3.9,2.9,1,0,0
PRJ-0426,Urban Development,Urban Infrastructure,780.61,40,19,42.0,53.5,44.4,358.79,9,2,54.0,7,71.1,0,0,Poor,6.1,8.7,1,0,0
PRJ-0427,Water,Water Supply,996.17,36,18,44.7,50.3,47.5,465.12,11,1,26.1,15,96.6,2,1,Average,5.3,5.5,1,0,0
PRJ-0428,Water,Water Supply,100.55,30,13,45.7,42.7,42.3,44.12,7,0,0.0,1,83.7,0,1,Good,0.0,0.0,0,0,0
PRJ-0429,Energy,Power,1201.43,53,42,71.5,76.4,73.1,873.41,6,1,24.0,21,98.5,0,0,Good,0.0,0.0,0,0,0
PRJ-0430,Water,Water Supply,353.42,36,29,62.3,77.7,67.4,234.44,16,9,53.5,25,,5,2,Good,12.9,17.1,1,1,1
PRJ-0431,Transport,Railway,2618.16,62,39,57.5,64.3,60.7,1639.18,6,0,0.0,20,78.4,0,0,Poor,2.1,4.7,0,0,0
PRJ-0432,Transport,Road,2101.83,25,14,57.4,56.4,62.0,1277.55,6,0,0.0,8,99.6,0,1,Good,0.0,0.7,0,0,0
PRJ-0433,Transport,Bridge,1015.31,31,20,53.9,62.3,58.6,601.23,19,6,49.8,6,77.8,3,1,,3.2,2.5,0,0,1
PRJ-0434,Transport,Railway,1089.3,66,22,27.3,32.9,30.4,328.42,10,2,51.3,10,73.0,0,1,Average,4.8,4.8,1,1,1
PRJ-0435,Education,School,81.32,16,5,22.9,31.6,27.7,22.2,12,6,49.2,1,92.4,0,0,Poor,3.2,1.2,1,1,0
PRJ-0436,Health,Hospital,648.99,33,15,34.0,47.8,35.7,233.82,6,2,81.7,8,92.2,2,0,Poor,8.1,7.6,1,1,1
PRJ-0437,Energy,Power,3596.42,54,22,37.5,37.5,39.9,1413.89,15,1,23.8,5,82.6,0,0,Average,0.0,0.0,0,0,0
PRJ-0438,Urban Development,Urban Infrastructure,867.82,28,12,33.7,40.0,32.5,277.73,25,5,43.9,0,87.3,0,1,Average,4.7,0.0,1,0,0
PRJ-0439,Energy,Power,2992.73,66,51,78.5,78.4,76.5,2372.34,16,2,32.5,4,71.2,0,1,Good,0.5,0.0,0,0,0
PRJ-0440,Transport,Bridge,1099.93,49,22,31.4,47.7,36.0,407.58,24,10,80.0,82,81.0,0,0,Poor,12.7,13.2,1,1,0
PRJ-0441,Transport,Road,861.77,39,17,29.5,43.3,25.6,226.97,21,8,75.4,4,92.0,3,0,Poor,11.5,10.9,1,1,1
PRJ-0442,Transport,Road,1898.3,23,19,74.1,80.2,75.2,1448.27,15,1,38.6,3,75.7,0,0,Good,0.0,0.0,0,0,0
PRJ-0443,Water,Water Supply,952.8,39,15,35.0,39.5,36.2,338.31,22,2,46.4,7,90.4,0,0,Average,2.3,0.2,0,0,0
PRJ-0444,Water,Water Supply,1060.0,40,11,18.9,25.2,16.1,176.06,18,2,49.4,4,81.5,2,1,Average,7.6,13.5,1,1,0
PRJ-0445,Transport,Railway,4090.89,51,46,79.1,87.7,80.0,3219.68,18,6,64.1,77,76.4,1,1,Average,7.5,6.1,1,1,0
PRJ-0446,Water,Water Supply,499.53,41,18,38.7,42.4,37.2,188.42,24,5,32.9,13,91.8,0,1,Average,0.0,0.0,0,0,0
PRJ-0447,Transport,Railway,3559.01,44,25,56.6,58.8,59.1,2142.09,23,2,40.1,34,90.5,0,1,Good,0.4,0.0,1,0,0
PRJ-0448,Energy,Power,2315.6,57,35,58.4,61.7,60.4,1374.81,17,2,57.9,113,80.0,0,0,Good,0.9,2.1,1,0,0
PRJ-0449,Water,Water Supply,296.51,20,19,87.7,96.6,86.6,258.59,17,1,44.8,9,55.0,1,2,Average,8.4,17.4,1,1,0
PRJ-0450,Water,Water Supply,100.13,28,18,58.5,63.8,62.1,64.1,22,3,19.3,34,56.5,0,1,Average,2.8,5.2,0,1,0
PRJ-0451,Health,Hospital,677.45,24,20,83.3,83.5,87.6,592.14,16,1,34.8,9,93.9,0,2,Average,2.4,8.6,1,1,1
PRJ-0452,Energy,Power,1804.34,36,8,15.0,25.2,15.0,278.47,23,4,47.9,10,44.4,0,0,Average,4.2,1.3,1,0,0
PRJ-0453,Urban Development,Urban Infrastructure,269.54,22,16,70.6,69.5,71.8,198.35,13,0,0.0,1,96.9,0,0,Good,0.0,0.0,0,0,0
PRJ-0454,Transport,Bridge,1651.89,59,50,78.6,85.2,79.7,1354.55,8,2,32.0,0,82.4,0,0,Poor,2.7,3.1,0,0,0
PRJ-0455,Urban Development,Urban Infrastructure,1382.63,38,28,62.6,70.0,64.2,883.16,17,1,47.8,2,27.5,0,1,Average,7.8,4.2,1,0,0
PRJ-0456,Transport,Bridge,346.72,53,54,84.7,100.0,84.7,293.41,8,5,39.3,0,97.3,5,1,Average,8.8,10.6,1,1,1
PRJ-0457,Energy,Power,1241.75,44,30,60.5,68.4,59.3,751.87,18,4,51.2,45,81.5,2,0,Good,0.8,0.0,1,0,0
PRJ-0458,Energy,Power,2897.37,41,22,38.4,52.8,44.0,1322.4,11,4,46.1,8,48.2,3,1,Good,11.7,12.6,1,1,1
PRJ-0459,Urban Development,Urban Infrastructure,698.97,32,25,80.2,79.2,79.5,549.63,16,0,0.0,2,84.4,0,1,,0.0,0.0,0,0,0
PRJ-0460,Health,Hospital,360.54,22,21,87.4,97.0,86.8,316.54,9,1,,5,97.6,1,0,Poor,5.8,6.5,1,1,0
PRJ-0461,Energy,Power,3057.82,57,46,72.6,82.0,71.0,2235.15,12,2,41.9,106,33.8,0,1,Good,5.2,10.8,0,1,1
PRJ-0462,Water,Water Supply,627.03,19,7,31.0,36.0,33.7,217.36,12,1,30.8,0,83.7,0,0,Average,2.1,2.0,0,1,0
PRJ-0463,Urban Development,Urban Infrastructure,1405.66,45,18,31.8,40.7,32.2,445.59,12,3,30.4,9,58.0,2,4,Good,10.2,21.2,1,1,1
PRJ-0464,Health,Hospital,244.57,23,14,56.2,59.7,52.3,129.36,6,2,49.7,111,97.4,1,2,Good,7.2,8.2,1,1,0
PRJ-0465,Transport,Bridge,1296.41,46,47,94.0,100.0,92.1,1176.86,6,1,22.0,4,87.4,0,2,,1.9,5.6,0,1,0
PRJ-0466,Water,Water Supply,709.69,18,15,79.1,82.6,81.6,595.61,25,3,35.4,7,86.9,1,2,Average,5.1,9.4,1,1,0
PRJ-0467,Transport,Railway,3705.43,36,17,43.8,49.0,41.5,1531.16,15,2,51.0,6,84.9,0,2,Poor,10.5,8.4,1,1,0
PRJ-0468,Energy,Power,347.08,30,11,31.3,36.4,33.6,114.53,17,2,37.4,9,63.1,1,1,Average,7.0,10.4,1,1,0
PRJ-0469,Transport,Bridge,367.02,26,14,50.6,54.9,55.4,202.42,15,1,26.3,6,43.3,0,0,Good,0.0,1.7,0,0,0
PRJ-0470,Transport,Road,458.52,45,41,90.2,94.5,90.2,415.87,12,2,17.8,2,93.2,0,0,Good,0.0,0.0,0,0,0
PRJ-0471,Urban Development,Urban Infrastructure,541.11,23,16,65.9,66.8,70.7,388.02,22,1,23.5,5,77.9,0,1,Good,0.0,0.0,0,0,0
PRJ-0472,Energy,Power,1122.31,37,24,59.5,64.1,60.6,684.68,11,2,35.9,70,90.0,0,2,Good,2.1,7.1,0,0,0
PRJ-0473,Energy,Power,2388.74,36,18,48.6,47.7,52.2,1265.81,11,0,0.0,5,93.6,1,0,Good,0.0,0.0,0,0,0
PRJ-0474,Water,Water Supply,289.27,18,12,58.3,67.1,57.0,170.94,15,1,49.9,6,82.3,1,0,Average,6.1,3.4,1,1,0
PRJ-0475,Water,Water Supply,689.66,39,36,87.7,94.3,88.8,612.73,16,0,0.0,,47.6,0,0,,0.0,0.0,0,0,0
PRJ-0476,Education,School,42.34,22,15,56.2,65.6,52.5,22.4,11,3,41.4,9,96.3,3,0,Average,5.0,0.0,1,0,1
PRJ-0477,Urban Development,Urban Infrastructure,422.41,36,10,30.2,30.6,31.6,132.46,16,0,0.0,,91.2,0,2,Good,0.0,0.6,0,0,0
PRJ-0478,Transport,Railway,2043.87,51,19,34.6,37.4,32.3,680.84,15,2,14.9,6,90.8,1,1,Good,0.0,0.0,0,0,0
PRJ-0479,Energy,Power,3682.22,48,17,28.9,38.6,28.2,1057.1,16,6,45.0,90,92.4,0,2,Average,7.0,9.1,1,1,1
PRJ-0480,Urban Development,Urban Infrastructure,896.99,36,32,83.1,87.1,84.3,742.63,23,3,50.3,0,79.3,1,2,Average,0.9,4.9,0,0,1
PRJ-0481,Energy,Power,1939.79,52,53,98.3,100.0,98.5,1887.12,6,0,0.0,1,75.2,0,1,Good,0.0,0.0,0,0,0
PRJ-0482,Water,Water Supply,963.39,20,14,66.2,70.5,65.9,628.94,21,3,41.8,57,76.4,1,0,Good,4.2,3.1,1,1,0
PRJ-0483,Water,Water Supply,490.18,21,14,60.7,68.2,60.3,289.89,21,5,17.0,1,80.4,1,0,Good,0.7,0.0,0,0,0
PRJ-0484,Transport,Road,528.81,44,23,44.0,55.5,42.4,230.31,14,4,,7,78.0,0,0,Poor,9.0,6.8,1,1,1
PRJ-0485,Water,Water Supply,199.01,41,40,93.6,97.7,97.8,193.9,11,0,0.0,7,48.2,1,0,Good,0.0,0.0,0,0,0
PRJ-0486,Energy,Power,786.23,36,25,69.0,73.3,70.9,549.25,15,2,18.6,8,73.7,1,3,Good,0.7,3.3,0,0,0
PRJ-0487,Transport,Road,205.74,36,30,80.2,83.7,84.5,177.53,16,0,0.0,10,,2,3,Good,2.5,3.1,0,0,1
PRJ-0488,Transport,Railway,1945.3,54,45,64.9,81.0,63.6,1253.12,24,4,65.7,0,89.3,5,0,Average,9.3,8.4,1,1,1
PRJ-0489,Energy,Power,1221.45,37,35,83.4,92.8,87.8,1097.38,25,3,15.2,8,,1,0,Good,4.5,0.0,1,0,0
PRJ-0490,Water,Water Supply,676.29,42,19,41.6,46.5,42.6,285.39,16,3,14.6,17,49.3,0,3,Good,2.5,6.7,0,1,0
PRJ-0491,Transport,Railway,1298.16,52,29,48.2,54.3,54.3,723.45,11,4,41.3,7,77.2,0,0,Average,1.1,0.0,0,0,0
PRJ-0492,Water,Water Supply,1077.39,31,32,85.0,100.0,83.2,920.58,21,6,54.1,39,75.2,2,0,Average,12.9,10.1,1,1,1
PRJ-0493,Energy,Power,2189.36,47,41,85.1,85.4,85.4,1872.36,19,0,0.0,5,75.4,0,0,Good,0.0,0.0,0,0,0
PRJ-0494,Water,Water Supply,347.21,20,17,81.6,87.5,80.7,279.28,19,1,27.9,7,96.4,0,0,Average,3.0,0.7,0,0,0
PRJ-0495,Transport,Railway,2564.36,36,32,83.2,89.0,83.6,2160.95,12,3,22.0,5,100.0,1,1,Good,0.0,0.0,0,0,0
PRJ-0496,Transport,Railway,1990.61,45,38,82.2,87.3,83.2,1691.66,20,3,21.7,1,82.1,1,1,Good,1.0,0.0,0,0,0
PRJ-0497,Health,Hospital,755.71,36,27,68.4,73.3,65.1,493.48,19,4,22.7,0,94.5,2,0,Good,0.0,0.0,0,0,0
PRJ-0498,Energy,Power,2046.99,54,48,88.6,88.1,87.2,1833.0,10,1,,,98.5,0,1,Good,0.0,0.0,0,0,0
PRJ-0499,Transport,Railway,1310.74,44,20,35.0,46.9,33.9,454.46,6,2,46.1,9,28.7,0,0,Poor,10.3,8.5,1,1,1
PRJ-0500,Energy,Power,1505.65,37,35,90.0,94.2,86.9,1321.32,9,2,25.3,9,66.9,0,4,Good,2.1,8.8,1,1,0
PRJ-0501,Urban Development,Urban Infrastructure,735.84,25,21,79.5,85.7,84.2,625.07,7,1,48.6,13,48.0,0,1,Average,5.1,6.9,1,1,1
PRJ-0502,Transport,Road,1028.83,44,12,19.6,26.0,17.4,180.54,22,3,29.9,8,93.8,1,1,Good,2.2,3.1,1,0,0
PRJ-0503,Education,School,185.57,19,7,29.4,35.6,29.7,56.93,10,1,38.0,30,98.3,2,0,Good,0.0,0.0,0,0,0
PRJ-0504,Energy,Power,2906.52,31,13,32.4,42.2,35.0,1022.75,7,3,38.6,2,80.2,2,0,Average,6.5,3.1,1,0,1
PRJ-0505,Transport,Railway,2766.21,50,11,20.0,22.4,20.3,551.42,19,5,16.2,2,97.5,0,1,Good,0.0,0.0,0,0,0
PRJ-0506,Energy,Power,1334.75,66,26,40.0,42.1,42.4,569.98,24,2,31.9,8,80.6,0,0,Good,0.0,0.0,0,0,0
PRJ-0507,Transport,Railway,1859.18,49,34,60.0,69.1,62.2,1195.64,19,6,20.9,8,95.4,1,0,Average,2.3,0.0,0,0,1
PRJ-0508,Transport,Road,185.55,43,22,46.1,50.1,50.7,93.28,7,0,0.0,5,94.9,2,0,Average,2.1,3.4,0,1,0
PRJ-0509,Transport,Railway,2607.3,50,15,19.7,30.1,22.7,613.55,25,8,,85,94.5,2,1,Average,10.0,11.3,1,1,1
PRJ-0510,Transport,Bridge,1307.01,51,15,17.6,29.2,15.8,209.7,14,5,21.7,10,51.1,2,0,Good,3.8,0.1,1,0,0
PRJ-0511,Education,School,86.15,20,15,71.5,73.6,72.1,63.07,6,0,0.0,8,99.3,1,1,Good,0.0,0.0,0,0,0
PRJ-0512,Water,Water Supply,407.31,40,26,57.2,64.5,57.2,237.21,23,3,18.6,5,51.0,0,0,Average,0.0,0.7,0,0,1
PRJ-0513,Energy,Power,1232.22,41,31,70.0,79.7,75.6,925.35,25,7,33.0,34,94.7,2,0,Good,5.9,1.4,1,1,0
PRJ-0514,Energy,Power,1485.37,47,25,41.6,56.1,43.2,632.66,17,8,48.6,6,92.7,2,0,Poor,9.8,10.6,1,1,1
PRJ-0515,Transport,Road,1979.0,34,17,45.5,54.0,43.6,854.51,7,1,30.6,9,90.6,2,0,Average,1.5,0.7,0,0,0
PRJ-0516,Transport,Road,1714.02,23,9,25.4,37.2,28.1,499.28,15,5,29.3,34,33.1,2,0,Good,5.3,3.2,1,0,0
PRJ-0517,Transport,Railway,2784.36,50,30,60.9,62.6,56.1,1544.76,22,3,37.4,1,86.4,0,0,Average,0.0,0.0,0,0,0
PRJ-0518,Transport,Railway,1663.07,38,30,79.0,76.7,79.1,1347.18,13,0,0.0,6,97.5,0,0,Good,0.0,0.0,0,0,0
PRJ-0519,Transport,Road,1174.99,34,25,68.1,73.9,69.1,804.78,24,2,43.9,0,93.8,0,0,Average,1.5,0.0,0,0,0
PRJ-0520,Transport,Road,1800.13,36,13,24.9,33.7,25.1,450.45,23,3,47.9,8,49.0,2,2,Good,8.1,8.1,1,1,0
PRJ-0521,Urban Development,Urban Infrastructure,82.83,26,27,90.2,100.0,88.6,75.72,13,3,12.1,8,38.6,1,3,Good,7.2,7.9,1,1,0
PRJ-0522,Water,Water Supply,736.75,20,10,49.3,53.4,55.2,414.67,15,2,35.5,9,45.2,0,0,Good,2.2,0.0,0,0,0
PRJ-0523,Water,Water Supply,339.39,20,11,44.6,54.1,45.3,157.55,21,2,51.4,6,33.4,0,3,Average,11.5,13.3,1,1,1
PRJ-0524,Water,Water Supply,214.02,25,15,45.8,59.0,46.9,102.57,7,2,65.3,6,,0,0,Poor,6.0,6.5,1,1,0
PRJ-0525,Water,Water Supply,967.39,40,17,35.6,43.2,41.9,410.94,22,2,48.5,50,87.5,2,0,Good,5.2,4.3,1,0,1
PRJ-0526,Transport,Road,1381.57,36,35,85.1,96.4,80.6,1145.6,13,2,51.5,9,61.0,3,1,Good,9.1,10.4,1,1,0
PRJ-0527,Energy,Power,3618.18,48,22,36.6,45.0,35.0,1253.18,15,4,41.5,73,71.3,1,1,Good,6.6,2.3,1,0,0
PRJ-0528,Transport,Road,807.35,25,6,19.6,28.6,20.2,169.01,25,3,45.7,1,81.5,3,4,Good,7.9,16.1,1,1,1
PRJ-0529,Transport,Road,126.74,33,20,58.7,61.2,60.0,78.94,24,2,26.9,0,77.2,0,0,Good,2.2,0.0,0,0,1
PRJ-0530,Energy,Power,3700.0,65,60,78.7,93.9,77.1,2938.59,8,2,58.7,2,54.1,4,0,Average,11.1,14.6,1,1,1
PRJ-0531,Transport,Road,1092.87,19,8,34.3,45.1,33.5,364.91,14,5,48.8,5,30.7,1,2,Average,13.5,17.4,1,1,1
PRJ-0532,Water,Water Supply,996.36,27,21,69.7,77.9,69.7,705.55,12,2,27.2,51,76.4,1,0,Good,0.5,0.0,0,0,0
PRJ-0533,Transport,Road,1529.57,47,15,25.6,28.0,22.7,343.13,18,2,41.7,17,79.1,0,0,Good,0.0,0.0,0,0,0
PRJ-0534,Transport,Railway,1789.73,51,35,66.1,68.9,66.0,1185.65,16,0,0.0,2,33.8,0,1,Average,2.3,4.7,0,0,0
PRJ-0535,Transport,Railway,1490.53,36,26,68.0,72.0,69.7,1036.53,17,3,33.2,65,75.7,0,0,Good,0.0,0.0,0,0,0
PRJ-0536,Water,Water Supply,384.97,41,28,61.0,65.9,63.6,241.87,25,7,28.4,10,93.0,3,0,Good,0.0,0.0,0,0,1
PRJ-0537,Energy,Power,3833.1,30,8,8.5,27.1,12.1,469.13,17,9,62.0,5,89.3,4,0,Average,12.4,5.5,1,0,1
PRJ-0538,Energy,Power,1521.36,37,25,58.5,68.2,54.5,826.94,20,5,38.4,8,43.3,1,0,Average,4.2,6.9,1,1,0
PRJ-0539,Urban Development,Urban Infrastructure,1351.99,32,17,47.9,55.0,52.1,704.31,16,3,47.5,2,88.4,0,0,Poor,4.1,6.5,1,1,1
PRJ-0540,Energy,Power,1937.49,57,39,64.2,67.8,63.0,1231.22,12,1,36.8,6,73.2,1,0,Good,1.3,0.0,0,0,0
PRJ-0541,Transport,Railway,1773.74,56,19,23.4,32.2,23.1,415.64,21,1,37.1,4,31.5,1,0,Average,6.5,2.8,1,0,0
PRJ-0542,Transport,Railway,3557.31,67,56,79.6,85.2,81.1,2945.86,25,2,30.4,8,89.7,2,1,Good,2.1,0.0,0,0,0
PRJ-0543,Health,Hospital,828.29,40,39,93.8,99.1,100.0,831.18,21,4,39.3,25,95.0,2,3,Good,4.0,8.0,0,1,1
PRJ-0544,Urban Development,Urban Infrastructure,1334.7,35,14,35.7,42.8,34.1,460.26,19,3,48.9,73,97.0,3,0,Good,6.2,6.4,1,1,1
PRJ-0545,Transport,Road,636.24,21,7,32.8,36.4,34.6,218.54,12,3,25.8,4,95.0,0,1,Average,0.0,0.0,0,0,0
PRJ-0546,Water,Water Supply,617.59,41,27,67.1,68.5,68.8,423.25,8,0,0.0,0,85.8,2,1,Good,0.0,1.3,0,0,1
PRJ-0547,Transport,Railway,1948.33,67,30,32.1,44.9,36.6,735.48,6,2,26.5,10,53.1,1,4,Average,12.7,16.5,1,1,1
PRJ-0548,Water,Water Supply,542.08,27,9,30.0,33.2,30.1,166.0,25,0,0.0,4,86.5,0,1,Good,0.0,0.0,0,0,0
PRJ-0549,Transport,Railway,804.49,64,23,28.1,38.0,24.0,189.87,22,5,31.2,1,99.5,2,0,Poor,6.2,7.2,1,1,0
PRJ-0550,Urban Development,Urban Infrastructure,985.62,19,15,62.2,75.5,59.3,597.76,12,3,65.2,63,82.8,5,1,Average,12.9,14.7,1,1,1
PRJ-0551,Energy,Power,384.56,39,40,94.2,100.0,90.5,342.05,16,4,55.9,110,54.5,0,1,Average,5.0,10.6,1,1,1
PRJ-0552,Water,Water Supply,285.1,40,25,59.5,64.4,57.2,167.05,22,2,42.4,15,,0,2,Poor,3.6,8.4,1,1,0
PRJ-0553,Energy,Power,3895.88,49,12,17.6,28.2,18.9,757.13,12,3,45.1,10,66.7,1,1,Average,12.5,10.9,1,1,0
PRJ-0554,Water,Water Supply,1010.73,25,22,71.7,84.5,72.5,734.65,21,5,34.9,6,80.5,4,2,Good,10.5,11.3,1,1,1
PRJ-0555,Transport,Road,917.03,48,29,56.1,60.9,56.5,529.33,23,6,25.7,5,53.0,0,0,Good,3.1,0.0,0,0,1
PRJ-0556,Urban Development,Urban Infrastructure,841.14,27,21,78.3,83.1,78.6,664.33,6,1,26.9,10,98.3,2,0,Good,0.0,0.0,0,0,0
PRJ-0557,Urban Development,Urban Infrastructure,474.6,43,43,88.2,100.0,87.4,425.84,12,3,63.5,38,76.8,2,0,Average,6.9,1.4,1,0,0
PRJ-0558,Transport,Bridge,771.88,27,8,22.0,27.9,24.5,191.41,25,3,44.7,5,56.5,0,0,Average,5.1,1.3,1,0,1
PRJ-0559,Education,School,224.74,14,7,46.7,47.4,44.4,98.81,22,2,,9,94.6,0,0,,0.0,0.0,0,0,0
PRJ-0560,Energy,Power,660.08,55,40,64.8,72.0,65.2,442.12,19,5,21.8,10,32.0,0,0,Good,1.3,0.0,1,0,0
PRJ-0561,Transport,Railway,2722.2,37,10,21.3,28.4,22.8,644.48,16,5,32.1,77,75.8,0,2,Good,6.4,12.0,1,1,1
PRJ-0562,Energy,Power,767.09,49,18,35.0,34.0,34.4,261.41,11,0,0.0,35,79.8,0,0,Average,0.0,0.0,0,0,0
PRJ-0563,Transport,Road,2115.61,29,26,89.1,91.6,88.9,1871.36,22,2,36.0,2,81.2,1,0,Good,0.0,0.3,0,0,0
PRJ-0564,Transport,Road,271.77,38,22,43.9,57.7,40.0,107.04,12,2,67.2,8,40.9,1,3,Poor,18.5,30.4,1,1,1
PRJ-0565,Transport,Road,161.38,18,11,59.1,63.6,60.0,95.7,25,0,0.0,0,38.4,0,0,Good,0.5,0.0,0,0,0
PRJ-0566,Transport,Road,1302.58,34,31,83.1,93.8,85.9,1128.9,20,10,39.7,9,90.5,0,0,Poor,3.8,4.3,0,0,0
PRJ-0567,Urban Development,Urban Infrastructure,1061.72,20,16,78.4,83.8,82.0,855.26,15,3,47.3,31,75.3,0,0,Good,2.4,1.8,1,0,0
PRJ-0568,Urban Development,Urban Infrastructure,865.99,46,15,31.9,34.2,33.7,288.4,24,2,15.9,1,98.5,0,0,,0.0,0.0,0,0,0
PRJ-0569,Water,Water Supply,550.26,34,17,37.5,47.1,36.6,206.08,25,7,42.9,0,49.5,0,0,Average,3.3,0.2,1,0,0
PRJ-0570,Energy,Power,1627.89,54,39,54.5,66.6,56.4,954.13,20,7,66.9,150,41.7,1,4,Good,16.4,26.5,1,1,1
PRJ-0571,Urban Development,Urban Infrastructure,1184.8,21,20,86.8,98.1,88.6,1046.62,6,2,28.0,1,88.4,2,0,Average,6.9,0.0,1,0,0
PRJ-0572,Energy,Power,2503.33,32,6,8.0,21.4,10.7,270.36,13,4,73.5,88,77.9,1,0,Average,8.5,6.4,1,1,1
PRJ-0573,Energy,Power,387.8,49,14,20.5,27.6,21.4,85.09,9,2,45.1,57,50.0,3,0,Good,8.7,11.5,1,1,0
PRJ-0574,Transport,Railway,3569.75,45,13,15.7,30.1,15.8,555.0,16,2,55.4,6,75.3,3,0,Poor,10.8,10.2,1,1,1
PRJ-0575,Energy,Power,607.08,50,16,29.3,28.1,31.0,189.62,6,0,0.0,0,80.5,0,1,Good,0.0,0.0,0,0,0
PRJ-0576,Energy,Power,1189.44,39,38,92.7,100.0,93.4,1141.7,16,0,0.0,5,40.1,0,0,Good,1.8,0.0,0,0,0
PRJ-0577,Transport,Railway,4178.65,44,28,49.0,63.9,47.2,2050.09,11,6,48.1,85,77.3,3,0,Good,7.5,7.5,1,1,1
PRJ-0578,Transport,Bridge,1117.51,56,13,17.8,18.6,15.3,171.34,13,1,27.5,35,81.0,0,0,Good,0.0,0.0,0,0,0
PRJ-0579,Water,Water Supply,993.44,25,5,12.3,20.5,10.0,102.25,23,3,55.1,,86.6,2,0,Average,3.8,1.1,0,0,0
PRJ-0580,Water,Water Supply,308.2,39,12,17.8,28.3,18.0,55.4,10,3,42.5,6,81.2,3,0,Average,7.5,9.6,1,1,1
PRJ-0581,Health,Hospital,489.54,40,13,32.7,32.6,34.6,168.97,18,4,36.6,8,98.5,0,0,Good,0.0,0.0,0,0,0
PRJ-0582,Health,Hospital,698.28,33,12,36.4,35.5,34.8,251.68,16,2,25.9,5,96.7,0,2,Good,0.0,1.1,0,0,0
PRJ-0583,Urban Development,Urban Infrastructure,1323.66,40,25,64.3,61.3,63.3,868.12,10,0,0.0,4,81.7,0,0,Good,0.0,0.0,0,0,0
PRJ-0584,Urban Development,Urban Infrastructure,1325.65,29,9,27.1,31.2,30.9,417.92,15,1,17.6,10,78.3,1,1,Good,2.7,0.0,0,0,0
PRJ-0585,Transport,Railway,1021.35,39,37,94.9,95.0,93.4,941.37,23,3,40.5,20,99.1,1,0,Good,0.0,0.0,0,0,0
PRJ-0586,Education,School,250.96,12,3,20.2,27.9,21.4,53.75,7,1,43.2,92,97.2,3,0,Good,3.1,4.5,1,1,0
PRJ-0587,Transport,Railway,2356.98,65,31,44.5,49.8,49.3,1168.33,15,4,48.5,102,82.9,1,0,Average,6.8,1.1,1,0,0
PRJ-0588,Water,Water Supply,262.06,24,8,26.5,34.0,27.6,73.84,17,2,46.0,5,51.3,0,2,Average,4.7,8.0,1,1,0
PRJ-0589,Urban Development,Urban Infrastructure,1199.94,28,10,24.2,34.9,21.4,255.1,16,4,50.7,36,35.9,3,0,Good,11.3,7.3,1,1,0
PRJ-0590,Transport,Bridge,977.08,32,15,46.4,47.7,47.4,472.27,8,1,33.7,5,75.2,1,0,Good,0.1,0.0,0,0,0
PRJ-0591,Transport,Railway,2986.68,42,22,43.7,51.0,45.0,1326.32,25,5,33.8,,76.0,1,0,Average,0.0,0.0,0,0,0
PRJ-0592,Urban Development,Urban Infrastructure,178.32,40,36,90.2,92.9,96.0,172.95,14,2,13.3,17,80.2,0,0,Good,0.0,0.0,0,0,0
PRJ-0593,Transport,Bridge,301.17,55,43,68.6,75.8,69.4,214.43,14,5,12.8,2,88.5,2,0,Good,0.0,0.3,0,0,1
PRJ-0594,Transport,Railway,3374.51,51,24,37.7,50.3,35.8,1187.16,7,3,34.7,3,29.4,0,1,Good,0.0,0.0,0,0,0
PRJ-0595,Transport,Bridge,1140.23,35,26,79.7,77.4,79.6,914.41,13,0,0.0,10,85.6,0,1,Good,0.0,0.2,0,0,0
PRJ-0596,Urban Development,Urban Infrastructure,131.6,29,23,73.8,82.1,70.0,93.92,15,3,48.4,3,90.5,1,0,,6.0,4.8,1,1,0
PRJ-0597,Health,Hospital,89.17,41,31,81.1,78.1,82.0,73.56,22,0,0.0,22,94.3,0,3,Good,1.9,5.0,0,1,0
PRJ-0598,Urban Development,Urban Infrastructure,121.64,20,20,81.2,96.3,81.5,100.98,24,7,78.9,118,87.1,3,0,Average,12.9,11.6,1,1,1
PRJ-0599,Water,Water Supply,706.84,33,14,33.6,41.2,37.1,266.03,13,3,28.7,5,,1,3,Good,3.0,9.5,0,1,1
PRJ-0600,Health,Hospital,699.27,42,18,39.3,42.7,42.1,304.88,21,0,0.0,10,97.8,0,1,Average,0.0,0.0,0,0,0
PRJ-0601,Health,Hospital,238.35,30,27,86.5,88.5,90.4,218.96,25,2,39.3,25,99.2,0,1,Good,4.7,4.7,1,1,0
PRJ-0602,Health,Hospital,530.43,26,19,60.2,75.7,63.4,333.36,17,8,42.0,22,93.4,4,0,Average,6.0,5.0,1,1,0
PRJ-0603,Water,Water Supply,962.38,30,15,48.8,52.8,50.4,499.94,22,1,41.2,10,,0,0,Average,1.3,0.0,0,0,0
PRJ-0604,Education,School,44.32,22,20,82.8,89.4,81.6,36.72,19,6,,1,91.7,1,2,Good,5.3,8.1,1,1,0
PRJ-0605,Transport,Bridge,1713.61,37,16,32.2,43.7,34.3,589.1,7,3,39.1,1,91.3,3,0,Good,5.8,3.0,1,1,1
PRJ-0606,Water,Water Supply,710.15,24,23,82.2,92.7,85.2,624.07,11,3,71.9,99,76.0,1,0,Poor,11.6,15.2,1,1,1
PRJ-0607,Urban Development,Urban Infrastructure,1244.54,22,7,23.4,30.6,20.6,264.18,6,0,0.0,25,30.6,1,0,Good,6.4,7.0,1,1,1
PRJ-0608,Transport,Railway,3443.85,69,28,33.5,41.7,35.7,1215.65,11,1,36.7,4,97.0,0,1,Poor,5.2,3.3,1,1,1
PRJ-0609,Transport,Road,1675.72,21,9,46.8,45.4,45.8,756.09,11,1,19.4,5,91.4,0,0,Good,0.0,0.0,0,0,1
PRJ-0610,Urban Development,Urban Infrastructure,514.88,33,19,58.2,59.5,60.1,318.53,21,2,23.3,48,76.3,0,0,Good,0.0,0.0,0,0,0
PRJ-0611,Water,Water Supply,843.01,34,21,54.9,61.8,56.9,484.3,18,5,22.7,5,62.5,2,2,Good,5.2,9.6,1,1,0
PRJ-0612,Water,Water Supply,754.49,29,10,31.3,35.4,35.8,275.89,14,2,38.5,6,98.1,1,0,Good,1.0,0.0,0,0,0
PRJ-0613,Education,School,205.17,17,10,49.0,57.7,51.0,104.65,10,3,43.0,95,90.5,0,0,Good,0.0,0.0,0,0,0
PRJ-0614,Urban Development,Urban Infrastructure,484.5,37,22,46.9,56.3,49.1,244.81,19,4,74.2,27,88.7,1,0,Poor,7.7,3.5,1,0,0
PRJ-0615,Energy,Power,3404.97,43,28,56.6,64.2,53.5,1831.31,7,2,35.9,6,98.7,1,1,Average,6.2,8.4,1,1,1
PRJ-0616,Health,Hospital,539.6,19,8,38.4,41.8,36.5,196.83,16,4,27.5,60,95.0,1,1,Average,3.2,4.3,0,0,0
PRJ-0617,Energy,Power,3759.72,41,33,78.1,80.0,76.6,2875.2,12,2,20.2,34,81.5,0,0,Average,1.7,0.0,0,0,0
PRJ-0618,Education,School,262.55,15,9,53.6,56.8,52.4,140.88,22,5,18.0,1,94.2,1,2,Good,0.0,1.8,0,1,0
PRJ-0619,Transport,Road,1697.64,35,33,90.8,93.7,97.8,1627.89,6,1,17.4,13,61.9,0,1,,2.1,1.1,0,0,0
PRJ-0620,Transport,Road,753.2,38,12,15.8,29.7,18.8,144.81,8,2,40.3,8,33.8,2,4,Average,11.0,24.0,1,1,1
PRJ-0621,Energy,Power,1225.18,34,25,62.2,71.0,64.4,790.8,10,4,41.9,39,94.8,1,1,Average,8.3,7.2,1,0,1
PRJ-0622,Urban Development,Urban Infrastructure,329.53,25,20,71.8,80.6,74.0,247.77,16,2,75.3,5,81.7,0,3,Poor,11.4,16.2,1,1,1
PRJ-0623,Transport,Railway,2813.68,53,17,25.7,33.9,28.6,805.93,22,5,50.9,9,91.7,1,0,Poor,3.7,3.9,0,1,1
PRJ-0624,Transport,Road,714.32,36,34,90.5,92.4,88.2,647.73,19,2,44.0,5,91.0,1,0,Average,4.5,5.4,0,1,1
PRJ-0625,Transport,Railway,2411.06,47,40,68.3,84.7,68.7,1652.48,15,5,74.6,21,50.3,2,0,Poor,17.3,16.2,1,1,1
PRJ-0626,Urban Development,Urban Infrastructure,387.05,28,15,52.2,51.4,50.1,197.89,18,0,0.0,46,89.9,0,0,Good,0.0,0.0,0,0,0
PRJ-0627,Energy,Power,452.22,65,64,94.2,95.6,96.1,450.88,15,0,0.0,13,81.0,0,0,Average,0.0,0.0,0,0,0
PRJ-0628,Transport,Road,1684.2,42,16,36.8,39.4,38.2,646.39,14,0,0.0,10,53.0,2,0,Average,0.9,0.0,0,0,0
PRJ-0629,Transport,Bridge,579.38,25,23,92.4,91.3,90.9,522.92,8,0,0.0,10,85.5,0,0,Good,0.0,0.0,0,0,0
PRJ-0630,Transport,Road,2038.97,34,25,71.0,75.6,74.3,1506.65,18,2,24.2,25,85.0,1,0,Average,0.0,0.0,0,0,0
PRJ-0631,Transport,Road,915.95,19,9,48.1,48.6,50.2,477.35,22,1,25.3,1,93.3,0,2,Good,0.0,0.0,0,0,0
PRJ-0632,Energy,Power,3795.3,56,48,83.4,85.5,81.6,3102.11,11,0,0.0,8,42.9,1,0,Good,0.0,0.0,0,0,0
PRJ-0633,Energy,Power,2597.08,43,28,56.4,66.0,59.6,1585.21,12,5,75.7,89,60.9,0,0,Poor,6.6,11.5,1,1,1
PRJ-0634,Transport,Road,1619.83,20,7,31.1,38.6,30.2,501.18,15,2,27.2,10,95.2,0,0,Good,2.8,0.0,1,0,0
PRJ-0635,Health,Hospital,336.17,19,11,51.3,56.0,52.8,180.0,18,3,27.8,6,99.8,3,2,Good,0.0,1.3,0,0,0
PRJ-0636,Energy,Power,2921.14,30,6,5.6,19.0,11.8,356.69,20,8,89.9,7,78.3,2,1,Poor,13.1,12.2,1,1,1
PRJ-0637,Transport,Bridge,450.18,24,13,42.6,53.1,45.6,202.75,24,2,51.9,9,27.0,0,0,Average,6.3,5.5,1,1,1
PRJ-0638,Urban Development,Urban Infrastructure,622.71,47,21,39.8,45.5,41.6,259.44,16,1,15.0,0,75.4,2,2,Good,4.3,6.1,1,1,0
PRJ-0639,Transport,Road,1480.77,30,19,54.6,63.9,55.1,825.38,10,0,0.0,6,41.3,1,0,Average,5.1,6.0,1,0,0
PRJ-0640,Water,Water Supply,559.21,31,23,74.5,74.0,73.3,403.84,14,0,0.0,32,81.7,1,1,Good,0.0,0.0,0,0,0
PRJ-0641,Energy,Power,3936.21,40,23,50.6,57.1,49.8,1996.22,19,2,32.7,4,81.7,1,0,Average,4.4,1.2,1,0,0
PRJ-0642,Urban Development,Urban Infrastructure,1021.2,23,14,57.3,60.3,59.7,633.56,7,1,18.7,1,67.8,1,1,Good,0.0,0.0,0,0,0
PRJ-0643,Transport,Bridge,719.33,33,32,89.9,100.0,92.9,684.52,7,1,42.8,10,49.3,0,0,Average,4.8,4.4,0,0,1
PRJ-0644,Transport,Bridge,739.74,44,36,80.5,83.5,83.3,606.92,10,1,30.6,7,83.0,1,1,Average,0.0,1.1,0,0,0
PRJ-0645,Energy,Power,1686.18,34,11,32.0,31.6,32.6,552.24,23,0,0.0,45,81.9,0,0,Average,0.0,0.0,0,0,0
PRJ-0646,Water,Water Supply,561.22,40,16,27.7,36.3,29.9,168.13,9,1,32.2,1,57.5,2,0,Good,5.6,1.9,1,0,0
PRJ-0647,Transport,Road,790.48,38,20,57.9,57.8,58.8,478.01,23,1,20.3,8,84.3,0,1,Good,0.0,0.0,0,0,0
PRJ-0648,Water,Water Supply,899.83,40,16,30.5,38.5,31.7,291.53,15,3,30.0,0,80.4,0,1,Average,4.0,5.9,1,1,0
PRJ-0649,Energy,Power,1174.5,65,56,69.5,85.5,70.7,843.84,13,5,76.2,150,48.9,3,0,Good,15.7,17.5,1,1,1
PRJ-0650,Education,School,219.43,30,17,41.8,55.3,39.6,90.24,6,2,61.8,132,92.0,2,2,Poor,11.7,26.7,1,1,1
PRJ-0651,Urban Development,Urban Infrastructure,280.92,34,32,84.2,90.5,87.3,245.02,11,3,54.3,5,79.9,1,0,Average,6.4,2.6,1,0,0
PRJ-0652,Transport,Road,260.46,34,10,16.7,28.2,19.1,49.55,20,8,56.7,5,84.6,2,0,Average,7.1,4.8,1,1,1
PRJ-0653,Energy,Power,1761.1,48,29,61.9,62.3,64.4,1143.26,23,2,25.2,10,77.7,0,1,Good,0.9,1.3,0,0,0
PRJ-0654,Transport,Railway,1425.71,72,16,14.5,20.4,15.1,212.5,9,2,22.9,14,91.6,1,1,Good,0.0,0.1,0,0,0
PRJ-0655,Health,Hospital,383.19,18,6,23.3,31.8,24.1,91.91,14,4,80.9,49,94.6,0,1,Poor,4.9,6.0,1,1,1
PRJ-0656,Health,Hospital,187.42,35,14,32.3,37.7,33.3,62.85,6,2,10.9,7,95.7,0,0,Good,0.1,0.0,0,0,0
PRJ-0657,Transport,Bridge,568.06,38,32,85.3,88.9,81.8,467.96,20,3,30.7,8,93.9,1,1,Good,5.4,0.0,1,0,0
PRJ-0658,Transport,Railway,4077.31,38,27,64.0,75.1,61.6,2523.71,6,2,34.9,5,83.6,1,4,Average,9.6,18.8,1,1,1
PRJ-0659,Transport,Railway,2115.14,65,21,34.2,32.6,36.0,773.18,6,0,0.0,3,83.4,1,0,Good,0.0,0.0,0,0,0
PRJ-0660,Urban Development,Urban Infrastructure,390.25,22,22,89.0,100.0,91.8,354.79,12,2,51.1,7,86.7,1,2,Poor,11.4,19.0,1,1,1
PRJ-0661,Transport,Road,504.44,48,41,79.3,86.5,82.2,413.5,18,5,40.9,62,68.6,1,3,Good,5.3,14.1,1,1,0
PRJ-0662,Urban Development,Urban Infrastructure,1192.29,26,9,27.2,33.6,28.7,354.87,10,0,0.0,6,39.8,0,2,Good,3.5,7.7,1,1,0
PRJ-0663,Health,Hospital,822.28,24,24,95.5,99.5,98.5,805.14,11,2,25.5,8,97.8,2,1,Good,0.9,0.0,0,0,0
PRJ-0664,Transport,Railway,1680.1,41,13,27.7,31.8,26.6,457.31,17,2,34.6,0,97.2,0,1,Average,3.2,2.7,0,0,0
PRJ-0665,Transport,Bridge,987.69,55,18,27.9,31.5,30.0,292.73,14,0,0.0,0,94.9,0,1,Good,0.0,0.0,0,0,0
PRJ-0666,Transport,Bridge,405.32,46,14,17.3,30.6,19.3,77.41,22,4,50.8,3,53.7,1,2,Average,7.1,8.8,1,1,0
PRJ-0667,Transport,Railway,4305.13,66,54,84.5,82.2,90.0,3998.58,12,0,0.0,4,90.9,0,1,Good,0.0,0.0,0,0,0
PRJ-0668,Transport,Bridge,1218.0,42,13,23.6,29.3,21.0,254.05,8,2,44.0,0,75.2,0,2,Poor,6.6,9.6,1,1,1
PRJ-0669,Transport,Road,797.38,32,13,33.3,39.4,29.7,243.41,21,3,30.0,6,76.6,3,0,Good,4.5,2.6,0,1,0
PRJ-0670,Urban Development,Urban Infrastructure,1186.71,30,14,41.1,48.5,40.7,485.88,15,1,18.2,5,27.7,0,0,Average,7.6,4.8,1,0,0
PRJ-0671,Water,Water Supply,341.04,24,20,75.2,82.1,77.6,266.91,13,3,24.6,2,88.9,1,2,Average,3.8,9.8,1,1,1
PRJ-0672,Transport,Road,252.51,19,6,17.3,30.5,16.8,42.45,23,5,29.6,1,83.9,2,0,Average,8.9,6.5,1,1,0
PRJ-0673,Transport,Railway,2328.83,57,45,66.9,78.0,63.9,1495.86,22,9,50.8,107,80.8,2,0,Good,2.8,4.7,1,0,0
PRJ-0674,Energy,Power,2493.58,36,9,18.6,23.0,17.6,440.1,22,4,29.5,5,78.7,3,1,Good,3.3,3.8,1,1,0
PRJ-0675,Education,School,207.25,21,12,57.4,57.4,56.8,117.17,6,0,0.0,25,92.2,1,0,Good,0.0,0.0,0,0,0
PRJ-0676,Energy,Power,1733.85,46,31,63.1,69.2,61.7,1086.17,8,1,38.5,5,68.8,1,0,Good,0.0,0.0,0,0,0
PRJ-0677,Energy,Power,1885.53,43,17,29.1,37.3,27.8,514.68,11,4,37.5,47,89.8,2,0,Good,5.7,2.2,0,0,0
PRJ-0678,Transport,Bridge,812.41,53,21,39.2,38.5,45.8,377.29,7,1,9.2,4,,0,0,Good,0.0,0.0,0,0,0
PRJ-0679,Urban Development,Urban Infrastructure,959.26,40,15,37.5,39.7,39.1,380.26,10,0,0.0,10,75.1,0,0,Good,0.0,0.0,0,0,0
PRJ-0680,Health,Hospital,79.34,20,11,46.9,53.2,49.6,39.12,21,2,22.4,3,95.8,0,1,Average,2.9,2.7,1,1,0
PRJ-0681,Water,Water Supply,449.68,36,32,78.3,88.1,77.4,345.51,14,5,52.7,34,77.1,3,1,Average,9.3,12.0,1,1,1
PRJ-0682,Education,School,177.46,15,7,40.1,47.4,45.0,80.46,9,3,32.6,2,93.1,3,0,Good,2.4,0.0,1,0,0
PRJ-0683,Transport,Road,2087.37,22,13,48.5,57.4,50.4,1033.86,20,5,37.4,52,80.4,1,0,Good,0.0,0.0,0,0,0
PRJ-0684,Transport,Railway,2064.79,57,26,42.8,48.7,44.1,916.65,15,5,52.9,107,82.0,2,0,Good,8.6,6.9,1,1,1
PRJ-0685,Transport,Bridge,211.0,57,16,20.0,27.3,21.6,46.22,14,2,42.0,6,73.6,3,0,Good,6.9,6.4,1,1,1
PRJ-0686,Education,School,192.81,30,21,72.4,71.5,70.6,141.23,25,0,0.0,1,99.6,0,0,Good,0.0,0.0,0,0,0
PRJ-0687,Urban Development,Urban Infrastructure,634.53,47,11,23.6,25.3,24.4,156.15,18,3,26.2,,92.9,1,0,Good,1.9,0.6,0,0,0
PRJ-0688,Water,Water Supply,388.26,37,34,78.0,90.8,77.1,294.94,9,5,50.6,44,,1,0,Poor,9.6,14.8,1,1,1
PRJ-0689,Transport,Bridge,1248.92,48,44,81.7,89.3,82.9,1076.23,12,2,26.6,6,79.9,1,2,Average,5.5,8.9,1,1,1
PRJ-0690,Urban Development,Urban Infrastructure,488.15,33,17,45.2,49.7,46.4,234.01,13,1,20.5,1,85.9,1,2,Good,0.0,0.0,0,0,0
PRJ-0691,Transport,Road,1365.26,32,22,58.2,66.5,57.4,771.99,15,4,56.1,95,81.4,0,2,Poor,12.4,19.1,1,1,1
PRJ-0692,Urban Development,Urban Infrastructure,1072.01,23,20,74.1,82.4,71.5,767.67,18,2,15.0,0,38.1,0,3,Average,5.6,9.1,1,1,0
PRJ-0693,Urban Development,Urban Infrastructure,721.04,39,11,19.6,31.0,20.3,147.59,20,9,44.8,30,83.9,5,3,Good,10.7,17.1,1,1,1
PRJ-0694,Energy,Power,3702.72,64,32,47.7,50.9,51.5,1870.86,8,1,38.5,2,81.3,0,1,Average,3.3,5.1,1,0,0
PRJ-0695,Urban Development,Urban Infrastructure,262.93,46,16,30.5,34.7,30.9,80.62,6,0,0.0,5,50.9,0,4,Good,5.4,15.0,1,1,0
PRJ-0696,Energy,Power,758.68,57,41,63.0,70.5,60.7,467.51,14,3,39.0,9,84.3,2,0,Average,3.6,2.6,1,0,0
PRJ-0697,Water,Water Supply,153.65,41,35,73.1,81.1,76.1,118.4,23,6,41.9,48,78.3,0,2,Average,3.8,7.5,1,0,0
PRJ-0698,Transport,Bridge,741.93,58,56,93.9,99.2,93.4,686.94,15,1,46.6,31,97.2,1,1,Average,0.7,2.4,0,1,0
PRJ-0699,Transport,Bridge,686.48,30,8,13.4,28.4,16.0,108.93,7,3,64.9,8,97.8,0,0,Poor,4.3,3.4,1,0,0
PRJ-0700,Urban Development,Urban Infrastructure,1483.51,33,14,31.7,39.3,31.1,458.86,24,7,29.9,9,91.0,3,1,Average,4.2,0.4,1,1,0
PRJ-0701,Education,School,283.94,21,18,79.8,88.4,73.4,205.61,7,1,61.4,64,92.8,0,1,Average,1.6,6.6,0,1,0
PRJ-0702,Water,Water Supply,708.01,40,37,85.0,90.3,84.3,608.46,20,3,53.9,6,96.4,1,0,Average,2.0,0.0,0,0,0
PRJ-0703,Transport,Railway,1718.34,36,14,37.1,41.5,37.1,630.1,11,1,35.6,32,76.1,0,1,,4.0,6.1,1,1,1
PRJ-0704,Transport,Road,873.1,40,23,45.4,55.8,44.7,386.07,15,3,36.3,5,79.9,5,2,Good,12.1,11.7,1,1,1
PRJ-0705,Transport,Railway,1846.07,36,36,92.7,99.6,94.6,1780.68,16,2,69.4,0,85.2,0,0,Poor,5.6,2.7,0,0,0
PRJ-0706,Transport,Railway,1935.55,57,44,69.3,76.7,66.3,1269.74,16,4,38.4,7,93.0,0,0,Average,4.7,0.0,1,0,1
PRJ-0707,Energy,Power,3702.68,32,30,81.5,96.3,85.1,3186.0,7,2,40.4,25,33.9,3,0,Good,8.1,3.8,1,0,1
PRJ-0708,Health,Hospital,618.88,29,18,69.8,66.8,69.2,433.84,6,0,0.0,9,94.2,0,1,Good,0.0,0.0,0,0,0
PRJ-0709,Energy,Power,313.33,47,26,43.4,53.1,45.6,144.24,10,3,36.7,8,86.3,2,4,Good,7.8,15.9,1,1,1
PRJ-0710,Energy,Power,1044.68,55,29,55.7,58.0,53.3,545.77,11,2,12.7,8,78.1,1,0,Good,0.0,0.0,0,0,0
PRJ-0711,Urban Development,Urban Infrastructure,769.98,46,13,21.5,29.4,19.3,151.14,23,4,30.6,0,80.6,1,1,Good,0.0,0.0,0,0,0
PRJ-0712,Water,Water Supply,432.7,37,32,74.2,83.6,75.4,324.23,20,3,55.9,10,83.0,1,1,Average,2.8,0.0,0,0,0
PRJ-0713,Urban Development,Urban Infrastructure,715.15,35,10,18.6,27.7,20.0,148.43,25,3,43.4,1,47.4,3,2,Good,7.9,7.4,1,1,0
PRJ-0714,Transport,Railway,4077.98,71,55,73.5,77.1,72.9,3022.15,20,1,46.1,1,80.2,2,0,Good,0.9,0.0,0,0,0
PRJ-0715,Water,Water Supply,616.82,32,15,47.6,48.1,47.2,301.38,11,0,0.0,4,99.7,0,0,Good,0.0,0.0,0,0,0
PRJ-0716,Energy,Power,1518.74,46,44,78.3,94.3,79.8,1228.03,24,9,63.4,100,31.7,2,3,Good,12.9,25.4,1,1,1
PRJ-0717,Transport,Road,1387.91,34,8,19.3,20.4,24.0,329.04,13,0,0.0,6,82.5,0,0,Good,0.0,0.0,0,0,1
PRJ-0718,Energy,Power,3645.09,64,54,84.1,86.3,88.8,3291.24,13,1,24.4,8,85.0,0,1,Good,0.0,0.0,0,0,0
PRJ-0719,Urban Development,Urban Infrastructure,792.13,23,24,94.7,100.0,95.5,741.64,25,0,0.0,44,33.2,0,0,Good,3.7,2.1,1,0,0
PRJ-0720,Energy,Power,1141.96,44,19,31.1,43.5,33.9,398.33,16,4,44.0,,48.5,1,2,Average,11.3,10.4,1,1,1
PRJ-0721,Transport,Road,709.74,31,20,57.6,63.9,56.1,402.81,7,1,23.7,7,73.2,1,1,Good,5.4,0.0,1,0,0
PRJ-0722,Energy,Power,1278.86,57,36,60.9,62.1,61.1,806.05,17,1,10.7,2,90.1,0,0,Good,0.0,0.0,0,0,0
PRJ-0723,Energy,Power,1690.91,64,25,33.3,37.7,35.5,620.36,23,1,18.7,8,28.7,0,0,Good,0.0,0.7,0,0,0
PRJ-0724,Energy,Power,1648.83,48,46,83.6,97.5,88.3,1484.87,17,6,36.1,2,57.5,1,1,,7.7,11.4,1,1,1
PRJ-0725,Transport,Bridge,461.11,47,37,72.9,81.0,76.0,355.69,11,3,56.8,150,39.0,0,1,Good,9.3,14.4,1,1,1
PRJ-0726,Water,Water Supply,391.16,31,6,4.7,18.9,5.4,20.81,13,5,36.9,3,61.3,1,1,Poor,9.3,10.7,1,1,1
PRJ-0727,Transport,Railway,4298.23,39,26,57.7,68.1,57.7,2494.62,9,1,20.8,4,32.7,1,1,Average,8.4,8.5,1,1,0
PRJ-0728,Health,Hospital,739.44,24,19,70.7,77.3,69.8,527.72,16,3,31.2,7,92.9,3,0,Good,1.3,0.0,1,0,0
PRJ-0729,Transport,Road,1144.67,38,24,60.3,65.5,61.0,712.82,20,4,30.7,0,97.2,0,1,Average,0.6,0.0,1,0,0
PRJ-0730,Transport,Road,624.26,24,11,47.2,46.0,53.2,335.81,23,0,0.0,,97.0,2,1,Good,0.0,0.8,0,0,0
PRJ-0731,Health,Hospital,451.45,30,28,84.3,94.0,86.0,397.94,17,3,,6,92.6,4,0,Good,3.9,1.6,1,0,0
PRJ-0732,Transport,Road,896.41,20,5,21.0,24.0,24.2,220.82,18,1,53.3,1,90.2,0,2,Average,0.5,7.3,0,1,0
PRJ-0733,Energy,Power,3972.16,35,10,29.6,31.3,27.6,1138.84,14,0,0.0,30,48.1,0,0,Good,0.0,0.0,0,0,0
PRJ-0734,Water,Water Supply,84.8,21,5,22.1,21.1,21.0,18.07,14,1,15.4,0,,0,1,Good,0.0,1.5,0,0,0
PRJ-0735,Education,School,56.52,22,8,31.7,34.1,31.8,18.38,20,2,27.4,1,96.5,0,0,Good,0.0,0.0,0,0,0
PRJ-0736,Transport,Bridge,1592.03,60,27,41.5,46.6,42.4,697.37,13,1,55.4,49,97.2,0,1,Average,1.1,4.1,0,0,0
PRJ-0737,Health,Hospital,120.5,34,32,72.7,92.5,71.3,88.61,6,2,54.0,9,92.8,4,3,Average,14.7,25.5,1,1,1
PRJ-0738,Energy,Power,3309.33,63,62,86.4,100.0,88.7,2979.8,15,4,,27,48.7,2,1,Poor,11.3,14.0,1,1,1
PRJ-0739,Transport,Bridge,1517.76,47,28,47.9,59.1,48.3,746.19,6,2,36.2,1,25.1,0,0,Average,6.2,2.4,1,0,0
PRJ-0740,Transport,Bridge,1460.88,26,18,52.8,64.5,58.6,852.9,15,2,22.7,7,85.9,3,0,Good,1.9,0.0,0,0,0
PRJ-0741,Transport,Road,490.4,23,12,39.1,50.9,40.6,203.58,17,7,53.2,6,97.6,5,0,Good,8.0,8.9,1,0,1
PRJ-0742,Health,Hospital,790.84,31,22,74.2,72.3,78.5,620.02,17,0,0.0,12,91.5,0,0,Good,0.0,0.0,0,0,0
PRJ-0743,Transport,Road,660.91,24,10,36.1,41.9,40.1,267.32,8,2,48.9,13,94.2,1,0,Average,1.0,0.0,0,0,0
PRJ-0744,Water,Water Supply,438.01,40,20,45.5,48.8,44.3,192.62,19,3,43.7,3,91.7,0,0,Average,0.0,0.0,0,0,0
PRJ-0745,Water,Water Supply,660.74,39,22,51.8,55.3,47.9,318.55,22,3,16.5,20,97.8,0,1,Good,1.2,0.0,0,0,0
PRJ-0746,Transport,Road,1352.6,18,7,28.8,37.3,27.1,376.75,22,2,23.5,5,86.7,1,0,Good,1.7,0.0,0,0,0
PRJ-0747,Energy,Power,2990.85,58,22,35.0,38.7,33.6,1039.95,21,1,17.8,,79.9,0,3,Good,0.8,2.6,0,0,0
PRJ-0748,Health,Hospital,683.38,40,19,40.2,44.9,39.4,267.46,23,3,20.5,8,91.9,1,0,Good,0.0,0.0,0,0,0
PRJ-0749,Energy,Power,3987.96,41,37,89.0,89.5,92.6,3709.57,19,1,27.7,0,96.7,2,0,Good,0.0,0.0,0,0,0
PRJ-0750,Water,Water Supply,94.53,27,8,23.4,28.2,25.0,23.69,13,2,17.1,10,77.5,0,0,Good,0.0,0.0,0,0,0
PRJ-0751,Transport,Road,1293.23,36,11,30.8,33.0,27.6,366.53,13,3,23.5,5,64.7,1,0,Good,0.0,0.0,0,0,0
PRJ-0752,Health,Hospital,399.6,22,22,98.4,100.0,100.0,410.52,14,5,17.4,6,95.6,0,0,Average,0.0,0.0,0,0,0
PRJ-0753,Health,Hospital,531.69,29,29,90.2,97.9,87.8,477.67,9,2,27.0,41,95.4,0,0,Average,1.4,0.0,1,0,0
PRJ-0754,Transport,Railway,2860.13,71,54,69.4,73.3,68.7,1984.51,18,5,42.1,6,,2,0,Good,0.0,0.0,0,0,0
PRJ-0755,Health,Hospital,509.86,26,11,43.0,42.7,43.6,230.96,10,0,0.0,8,90.3,0,1,Average,0.0,0.1,0,0,0
PRJ-0756,Health,Hospital,778.01,23,11,48.4,48.1,48.2,385.68,25,2,13.8,6,96.0,0,1,Good,0.0,0.0,0,0,0
PRJ-0757,Energy,Power,1764.59,54,18,24.7,29.9,22.9,417.31,10,4,42.0,5,98.4,0,0,Average,0.0,0.0,0,0,0
PRJ-0758,Transport,Road,1637.52,25,12,37.8,47.8,36.3,609.71,25,7,62.7,100,90.3,2,0,Good,9.1,11.9,1,1,1
PRJ-0759,Transport,Road,1407.69,36,34,88.5,93.5,89.8,1304.57,10,0,0.0,0,52.8,3,0,Good,0.0,0.0,0,0,0
PRJ-0760,Energy,Power,1023.06,61,55,86.1,91.2,86.2,908.79,23,1,36.2,5,88.2,1,0,Good,0.7,0.0,0,0,0
PRJ-0761,Transport,Railway,3308.33,61,19,11.9,30.9,16.4,559.39,9,6,,124,90.9,2,1,Poor,18.2,27.8,1,1,1
PRJ-0762,Health,Hospital,797.61,23,17,69.7,75.1,67.7,537.45,15,1,48.9,4,92.3,0,1,Average,0.8,1.6,0,0,0
PRJ-0763,Water,Water Supply,1015.82,24,7,27.6,29.9,26.6,272.25,9,0,0.0,0,80.2,1,0,Good,0.0,0.0,0,0,0
PRJ-0764,Transport,Railway,2242.05,44,15,18.0,29.7,18.4,409.3,24,5,38.6,10,78.2,5,2,Good,8.7,11.2,0,1,0
PRJ-0765,Transport,Bridge,1235.41,51,25,47.7,46.4,49.5,606.39,21,0,0.0,3,92.1,0,0,Good,0.0,0.0,0,0,0
PRJ-0766,Energy,Power,2222.77,60,37,47.0,59.9,45.2,1003.15,17,5,27.9,27,28.6,1,0,Average,13.3,14.9,1,1,1
PRJ-0767,Transport,Bridge,1146.12,29,6,15.6,20.0,15.1,176.47,6,0,0.0,4,59.5,0,3,Average,5.9,12.5,0,1,1
PRJ-0768,Transport,Railway,884.5,47,40,77.5,83.4,77.8,714.28,20,3,31.7,18,52.8,0,0,Good,0.0,0.0,0,0,0
PRJ-0769,Water,Water Supply,115.98,42,27,54.5,64.1,58.9,70.26,24,4,70.4,7,65.1,1,0,Poor,8.8,13.5,1,1,1
PRJ-0770,Transport,Road,1029.64,23,16,63.8,67.0,62.4,643.21,25,2,27.5,9,97.0,0,1,Average,0.0,0.0,0,0,0
PRJ-0771,Transport,Road,1784.55,46,15,38.7,38.0,35.1,616.47,18,0,0.0,6,97.3,0,0,Good,0.0,0.0,0,0,0
PRJ-0772,Energy,Power,2273.28,50,15,21.9,29.3,22.7,530.75,6,1,41.2,8,80.9,1,0,Average,2.7,0.2,1,0,0
PRJ-0773,Urban Development,Urban Infrastructure,652.95,34,20,44.0,56.8,42.0,268.9,13,4,77.9,1,54.4,0,1,Poor,12.1,7.6,1,1,1
PRJ-0774,Transport,Bridge,817.36,47,14,30.4,31.9,32.8,271.64,14,1,24.2,31,86.0,0,0,Good,1.9,0.0,0,0,0
PRJ-0775,Education,School,285.5,25,15,54.2,56.7,55.7,163.95,24,4,26.9,5,95.6,1,0,Good,0.0,0.0,0,0,1
PRJ-0776,Transport,Road,1449.6,21,19,87.4,89.9,89.4,1338.84,25,7,11.1,0,96.7,0,0,Good,0.0,0.0,0,0,0
PRJ-0777,Transport,Railway,3016.15,56,22,36.8,40.2,37.5,1143.27,14,0,0.0,8,46.4,0,0,Good,0.0,0.0,0,0,0
PRJ-0778,Transport,Railway,1989.49,57,12,15.0,18.8,17.5,348.74,6,0,0.0,1,66.4,1,0,Average,0.0,0.0,0,0,0
PRJ-0779,Education,School,113.14,28,7,28.6,28.1,27.2,31.49,21,1,30.9,24,98.4,0,0,Good,0.0,0.0,0,0,0
PRJ-0780,Water,Water Supply,492.86,33,10,31.9,29.0,32.7,165.73,6,0,0.0,7,93.4,0,0,Good,0.0,0.0,0,0,0
PRJ-0781,Transport,Bridge,1201.0,27,7,20.0,24.9,22.1,272.2,17,1,40.8,5,99.1,0,0,Average,1.5,0.0,0,0,0
PRJ-0782,Transport,Road,1414.07,36,21,53.6,59.6,51.0,732.59,8,2,43.3,111,81.1,0,0,Good,4.6,4.6,1,1,0
PRJ-0783,Transport,Railway,1373.19,49,49,100.0,100.0,97.9,1329.48,23,0,0.0,10,80.9,0,0,Good,0.0,0.0,0,0,0
PRJ-0784,Transport,Railway,1195.91,46,39,83.6,83.1,84.9,1003.8,15,0,,10,86.9,0,1,Average,0.0,0.0,0,0,0
PRJ-0785,Urban Development,Urban Infrastructure,1413.01,43,22,49.3,52.8,49.8,700.81,23,3,28.2,8,97.4,2,1,Good,0.0,1.6,0,0,0
PRJ-0786,Water,Water Supply,749.39,29,26,84.5,88.7,89.0,688.25,18,3,32.0,17,93.4,0,0,Average,1.1,0.0,1,0,0
PRJ-0787,Water,Water Supply,894.69,31,16,42.3,50.4,44.2,409.38,12,2,29.3,0,90.6,0,0,Poor,3.1,0.0,0,0,1
PRJ-0788,Transport,Railway,2567.85,58,34,44.0,56.3,44.7,1176.61,16,7,37.9,6,90.0,2,1,Poor,13.5,11.5,1,1,0
PRJ-0789,Urban Development,Urban Infrastructure,1497.65,25,26,93.0,100.0,93.7,1456.08,19,2,33.5,13,33.8,0,0,Good,6.2,0.5,1,0,0
PRJ-0790,Transport,Bridge,1424.79,35,9,20.5,25.5,22.4,316.15,17,2,29.0,3,72.6,1,2,Good,1.9,1.5,0,0,1
PRJ-0791,Transport,Railway,1648.81,40,19,39.1,46.7,41.2,699.49,17,3,45.7,37,84.8,0,0,Average,2.9,0.0,1,0,0
PRJ-0792,Transport,Bridge,1527.21,38,35,83.4,95.0,87.6,1316.99,17,5,55.9,7,96.2,3,1,Average,1.7,0.0,0,0,0
PRJ-0793,Urban Development,Urban Infrastructure,141.29,29,23,61.9,78.9,59.2,85.92,17,4,84.5,6,53.0,2,0,Poor,14.0,13.9,1,1,1
PRJ-0794,Water,Water Supply,281.29,18,13,61.6,69.8,63.9,177.55,12,3,37.2,1,76.2,0,0,Average,3.3,0.0,1,0,0
PRJ-0795,Energy,Power,3867.32,58,22,34.4,35.2,35.6,1378.28,11,0,0.0,10,89.8,0,1,Good,0.0,0.0,0,0,0
PRJ-0796,Urban Development,Urban Infrastructure,1105.92,31,23,71.0,75.1,68.2,764.88,21,2,,8,99.5,1,1,Good,0.3,0.0,0,0,0
PRJ-0797,Transport,Railway,1405.79,71,43,54.5,60.9,56.1,793.72,16,5,32.5,7,80.9,0,0,Average,2.5,0.0,0,0,1
PRJ-0798,Transport,Railway,3211.21,64,33,46.2,51.7,45.1,1495.94,20,2,41.6,7,52.6,0,3,Average,8.4,15.1,1,1,0
PRJ-0799,Urban Development,Urban Infrastructure,1225.35,35,16,38.4,48.3,41.6,514.99,8,2,21.8,4,28.0,0,1,Average,2.9,2.4,0,0,0
PRJ-0800,Transport,Road,1879.8,38,27,63.2,67.4,64.9,1216.41,21,5,40.6,1,83.1,0,0,Average,1.9,0.8,0,0,0
PRJ-0801,Transport,Road,230.32,48,42,84.2,90.9,86.0,196.46,22,5,39.5,,70.4,0,1,Average,4.6,4.4,1,0,0
PRJ-0802,Water,Water Supply,395.18,31,25,75.5,82.5,73.4,287.56,16,4,53.6,8,76.5,0,1,Average,5.8,6.9,1,1,0
PRJ-0803,Urban Development,Urban Infrastructure,123.35,32,15,36.5,47.5,39.8,50.74,18,3,63.1,8,88.0,3,1,Average,10.5,13.1,1,1,1
PRJ-0804,Energy,Power,3139.76,45,20,34.0,40.0,33.0,1059.43,21,5,39.6,4,98.6,4,1,Good,0.0,1.7,0,0,0
PRJ-0805,Health,Hospital,743.34,20,5,26.3,24.3,22.0,167.65,17,1,20.7,0,98.8,0,1,Good,0.0,0.6,0,0,0
PRJ-0806,Water,Water Supply,740.44,35,12,20.9,36.6,24.4,181.03,6,2,76.9,7,85.7,3,1,Poor,14.6,19.1,1,1,1
PRJ-0807,Water,Water Supply,384.69,27,22,74.7,81.1,71.3,273.37,15,1,48.5,26,89.0,2,4,Poor,9.9,24.7,1,1,1
PRJ-0808,Health,Hospital,96.96,28,20,71.6,70.9,65.9,62.77,19,2,31.7,1,90.3,0,1,Good,0.0,0.0,0,0,0
PRJ-0809,Transport,Railway,2634.47,44,28,48.0,59.7,51.0,1378.53,20,7,33.0,3,96.5,2,2,Average,7.6,8.6,1,1,1
PRJ-0810,Urban Development,Urban Infrastructure,803.39,18,7,31.8,36.7,29.0,232.24,14,4,,5,76.9,0,0,Good,0.0,0.0,0,0,0
PRJ-0811,Urban Development,Urban Infrastructure,264.19,19,10,54.3,53.2,51.4,140.74,17,1,31.3,14,80.9,0,2,Good,0.0,0.0,0,0,0
PRJ-0812,Urban Development,Urban Infrastructure,756.09,32,31,99.8,97.8,98.6,744.86,25,1,13.8,31,89.3,0,1,Good,0.0,0.0,0,0,0
PRJ-0813,Urban Development,Urban Infrastructure,541.91,39,21,49.3,55.1,48.5,261.02,14,3,25.7,8,89.1,0,0,Good,0.4,0.0,0,0,1
PRJ-0814,Urban Development,Urban Infrastructure,1085.65,39,21,40.5,48.7,45.4,491.75,10,3,34.1,2,97.4,2,0,Average,2.7,0.0,1,0,0
PRJ-0815,Transport,Bridge,306.38,25,25,95.0,100.0,95.6,289.41,15,1,26.3,2,31.2,0,0,Good,0.0,0.0,0,0,0
PRJ-0816,Water,Water Supply,557.03,26,18,65.2,69.5,64.4,361.53,20,1,18.1,8,64.3,0,1,Good,0.3,1.4,0,1,0
PRJ-0817,Health,Hospital,224.29,22,11,41.0,47.8,39.6,89.18,10,3,19.8,5,92.1,0,4,Average,5.1,13.4,1,1,1
PRJ-0818,Education,School,65.91,25,22,76.6,82.6,75.0,49.24,19,2,36.5,10,91.4,0,1,Average,4.0,4.5,1,0,0
PRJ-0819,Transport,Road,1265.84,36,14,28.8,38.5,30.1,391.42,6,2,75.8,41,75.8,0,1,Poor,7.3,12.5,1,1,0
PRJ-0820,Energy,Power,1355.51,47,32,65.9,67.8,68.8,935.19,10,1,38.8,5,96.8,0,0,Average,0.0,0.0,0,0,0
PRJ-0821,Health,Hospital,192.58,29,12,32.2,44.6,31.6,62.12,13,6,65.8,72,96.1,1,0,Average,5.8,3.1,1,0,0
PRJ-0822,Energy,Power,3769.97,59,40,65.2,65.9,66.6,2563.44,16,2,20.8,4,93.1,0,0,Average,0.0,0.0,0,0,0
PRJ-0823,Transport,Bridge,1658.47,54,29,42.9,49.4,43.1,733.95,17,2,27.0,4,44.1,0,0,Average,1.8,0.0,0,0,0
PRJ-0824,Water,Water Supply,328.24,42,17,33.4,37.8,32.4,107.77,24,2,51.9,3,94.2,0,1,Average,1.3,0.0,0,0,0
PRJ-0825,Energy,Power,1161.87,58,54,91.1,93.9,91.2,1047.93,7,0,0.0,1,50.3,0,0,Good,0.0,0.0,0,0,0
PRJ-0826,Water,Water Supply,139.66,23,23,99.4,98.6,95.6,137.76,16,0,0.0,8,91.1,0,1,Average,0.0,0.9,0,0,0
PRJ-0827,Transport,Railway,1546.67,50,50,98.0,100.0,98.2,1560.74,16,2,20.2,7,92.1,1,0,Good,0.0,0.0,0,0,0
PRJ-0828,Water,Water Supply,766.08,40,17,35.3,41.7,35.4,277.1,9,2,51.6,82,69.3,2,0,Good,0.9,0.0,0,0,0
PRJ-0829,Transport,Railway,623.87,63,37,45.6,60.0,44.2,270.28,12,4,35.6,7,97.3,3,0,Average,6.1,2.6,1,0,0
PRJ-0830,Urban Development,Urban Infrastructure,1196.64,23,24,88.3,100.0,90.3,1097.01,11,4,50.0,3,98.7,0,0,Poor,3.7,3.0,1,0,0
PRJ-0831,Transport,Railway,3616.37,36,34,86.4,93.3,86.5,3145.59,14,2,36.1,3,97.5,1,0,Average,0.0,0.0,0,0,0
PRJ-0832,Urban Development,Urban Infrastructure,431.48,32,7,17.8,23.4,15.4,67.94,8,0,0.0,4,89.0,1,1,Average,2.3,0.0,0,0,0
PRJ-0833,Energy,Power,1374.74,64,52,84.7,83.2,86.5,1170.44,25,1,21.4,11,77.7,0,0,Good,0.0,0.0,0,0,0
PRJ-0834,Energy,Power,1467.91,65,46,75.3,73.9,74.4,1102.73,21,2,9.0,4,91.3,0,0,Good,0.0,0.0,0,0,0
PRJ-0835,Urban Development,Urban Infrastructure,87.02,20,16,73.0,80.1,76.5,68.82,13,1,25.5,9,47.9,1,1,Good,3.7,4.3,1,0,0
PRJ-0836,Energy,Power,2267.58,51,33,65.4,62.4,67.0,1562.33,19,0,0.0,20,81.9,0,0,Good,0.0,0.0,0,0,0
PRJ-0837,Water,Water Supply,735.99,22,11,41.9,48.2,38.8,292.55,25,2,48.8,,96.5,1,1,Average,0.4,1.0,0,0,0
PRJ-0838,Transport,Road,1729.28,43,22,40.0,51.7,34.5,585.19,11,4,25.7,15,38.3,0,0,Average,4.2,0.9,1,0,0
PRJ-0839,Urban Development,Urban Infrastructure,468.59,23,6,23.5,27.9,24.2,115.68,13,0,0.0,5,54.4,0,3,Good,3.9,12.0,0,1,1
PRJ-0840,Water,Water Supply,507.97,28,12,36.9,41.4,36.2,188.02,9,0,0.0,3,82.7,0,0,Good,0.0,0.0,0,0,0
PRJ-0841,Education,School,267.72,19,14,72.3,71.7,72.3,193.03,15,1,26.2,5,95.0,0,2,Good,0.0,2.1,0,0,0
PRJ-0842,Transport,Road,1849.79,40,21,44.4,50.8,46.6,890.41,18,2,30.3,3,96.9,1,0,Average,0.0,0.0,0,0,0
PRJ-0843,Transport,Railway,1295.03,70,59,75.1,84.4,69.8,927.68,19,10,87.7,148,93.3,1,2,Average,10.6,18.1,1,1,1
PRJ-0844,Energy,Power,3956.01,34,30,83.8,87.3,86.3,3430.4,24,2,22.6,5,52.7,1,4,Good,7.3,14.4,1,1,1
PRJ-0845,Water,Water Supply,622.38,25,22,85.3,89.5,84.2,542.53,12,4,42.2,57,99.5,0,0,Average,3.8,4.6,1,0,0
PRJ-0846,Energy,Power,388.97,58,37,53.1,63.0,49.8,198.1,24,5,,6,65.2,5,0,Good,6.2,8.4,1,1,1
PRJ-0847,Water,Water Supply,719.94,31,17,40.2,56.3,39.1,289.38,18,6,64.0,32,67.6,3,0,Average,9.6,9.1,1,1,1
PRJ-0848,Water,Water Supply,156.57,25,17,64.5,69.9,63.5,99.17,21,7,29.2,10,70.0,0,0,Average,0.0,0.6,0,0,0
PRJ-0849,Transport,Road,1349.09,31,19,51.4,62.2,52.9,738.35,16,4,69.0,1,86.4,1,1,Poor,13.0,13.7,1,1,1
PRJ-0850,Energy,Power,2021.23,33,32,84.4,96.2,85.7,1709.16,22,7,36.6,4,90.6,0,0,Poor,4.5,0.0,1,0,0
PRJ-0851,Education,School,66.89,24,15,65.7,65.8,68.3,46.0,23,3,6.8,7,97.9,0,0,Good,0.0,0.0,0,0,0
PRJ-0852,Transport,Railway,2092.73,67,39,59.8,58.5,63.9,1311.13,6,0,0.0,8,80.7,0,0,Good,0.0,0.0,0,0,0
PRJ-0853,Transport,Railway,2648.84,72,16,10.1,24.7,9.2,249.33,12,3,28.3,5,28.1,2,0,Good,4.3,3.7,1,0,0
PRJ-0854,Energy,Power,1022.4,35,12,22.6,32.3,24.8,254.56,15,2,51.0,10,82.7,4,1,Average,11.1,13.3,1,1,1
PRJ-0855,Health,Hospital,434.03,19,6,32.4,32.1,34.2,147.0,15,0,0.0,5,99.6,0,0,Good,0.0,0.0,0,0,0
PRJ-0856,Urban Development,Urban Infrastructure,1346.28,38,8,15.7,20.6,19.5,258.16,22,1,61.9,6,90.2,3,1,Average,4.7,4.2,1,0,1
PRJ-0857,Water,Water Supply,443.12,40,15,40.8,41.8,41.9,185.74,12,0,0.0,81,79.5,0,2,Good,1.7,4.4,0,1,0
PRJ-0858,Water,Water Supply,364.25,38,32,74.9,83.3,74.9,271.29,14,4,68.1,39,97.7,0,0,Poor,8.4,7.5,1,1,1
PRJ-0859,Transport,Road,1955.23,23,23,88.0,99.7,84.3,1677.79,12,3,87.3,8,83.1,3,0,Poor,13.4,13.8,1,1,1
PRJ-0860,Water,Water Supply,518.17,27,19,53.2,68.4,52.1,271.29,7,5,48.9,,,3,0,Average,11.9,12.8,1,1,1
PRJ-0861,Energy,Power,3860.29,62,63,99.4,100.0,100.0,3997.7,23,1,25.8,1,92.6,1,0,Good,0.0,0.0,0,0,0
PRJ-0862,Water,Water Supply,274.01,42,40,88.8,94.1,87.2,239.28,25,4,29.1,17,89.4,1,1,Good,0.0,0.0,0,0,0
PRJ-0863,Transport,Road,219.57,34,15,45.8,46.8,46.9,106.76,10,0,0.0,4,50.8,0,1,Good,0.0,0.0,0,0,0
PRJ-0864,Energy,Power,1641.33,50,29,53.9,58.7,53.4,873.34,11,1,75.4,101,76.9,0,2,Average,6.9,14.5,1,1,1
PRJ-0865,Water,Water Supply,762.58,36,36,98.1,99.4,95.9,719.72,8,0,0.0,23,81.6,0,0,Good,0.0,0.0,0,0,0
PRJ-0866,Transport,Railway,2110.65,55,17,28.5,29.5,30.1,658.98,12,0,0.0,2,94.8,0,0,Good,0.0,0.0,0,0,0
PRJ-0867,Energy,Power,1048.63,44,11,23.2,25.7,28.3,291.39,6,0,0.0,6,79.5,0,1,Good,0.0,0.6,0,0,0
PRJ-0868,Urban Development,Urban Infrastructure,1291.7,28,24,80.9,83.7,85.2,1080.4,22,5,50.4,87,97.5,0,0,Good,2.5,0.1,1,0,0
PRJ-0869,Urban Development,Urban Infrastructure,1498.69,41,37,78.0,89.9,78.2,1211.4,23,12,,110,,0,0,Good,1.7,0.0,0,0,0
PRJ-0870,Education,School,223.06,30,8,26.7,26.2,25.0,56.65,15,2,20.0,10,100.0,1,1,Good,0.0,0.0,0,0,0
PRJ-0871,Transport,Bridge,1270.47,38,21,51.5,54.2,54.8,717.51,15,2,17.0,5,75.7,0,1,Good,0.0,0.0,0,0,0
PRJ-0872,Health,Hospital,663.02,42,23,46.7,56.9,50.8,332.43,18,5,75.4,10,90.5,1,0,Poor,8.9,6.9,1,1,0
PRJ-0873,Education,School,124.49,24,6,24.9,26.0,28.7,37.13,15,2,41.4,9,94.5,0,3,Average,3.5,10.5,1,1,0
PRJ-0874,Transport,Road,1331.46,40,34,74.3,86.5,74.8,976.52,19,5,79.6,1,87.6,0,0,Poor,8.1,6.0,1,1,1
PRJ-0875,Urban Development,Urban Infrastructure,711.17,45,36,76.8,81.3,80.6,575.95,8,2,31.9,3,66.1,0,1,Good,1.4,0.6,0,0,0
PRJ-0876,Transport,Bridge,979.15,29,17,41.5,57.8,41.3,407.26,25,10,69.8,6,80.7,2,0,Poor,13.7,15.1,1,1,1
PRJ-0877,Energy,Power,1987.5,34,10,25.5,27.9,26.6,526.61,8,1,25.2,9,88.5,2,0,Good,1.3,0.0,1,0,0
PRJ-0878,Transport,Bridge,424.76,32,26,70.6,79.6,68.9,295.24,6,2,47.6,10,98.2,2,0,Average,5.0,0.0,1,0,0
PRJ-0879,Health,Hospital,335.15,42,35,70.4,81.9,73.0,247.0,18,7,64.4,5,95.9,3,0,Poor,14.1,14.9,1,1,1
PRJ-0880,Water,Water Supply,1036.81,21,21,93.2,100.0,91.4,945.01,11,2,31.0,7,80.5,0,1,Average,3.5,1.8,1,0,0
PRJ-0881,Water,Water Supply,313.82,37,8,14.4,23.4,9.7,31.09,13,3,44.4,8,87.4,3,4,Good,6.4,13.6,1,1,0
PRJ-0882,Water,Water Supply,819.98,19,4,5.6,19.1,7.3,62.11,16,6,40.8,7,87.7,3,1,Poor,9.7,14.0,1,1,1
PRJ-0883,Transport,Road,1996.28,38,9,10.7,21.1,11.1,219.35,11,2,44.7,14,82.1,2,1,Average,6.3,4.1,1,0,0
PRJ-0884,Transport,Railway,2713.12,66,44,58.8,67.2,60.2,1644.64,19,3,43.2,0,87.8,1,0,Average,4.4,0.0,1,0,0
PRJ-0885,Water,Water Supply,851.4,25,6,12.8,23.7,12.7,111.96,11,4,,23,87.6,0,4,Poor,10.3,25.5,1,1,1
PRJ-0886,Transport,Road,473.17,32,26,71.5,83.6,73.8,360.33,10,4,41.1,8,96.4,4,0,Average,9.2,8.5,1,1,1
PRJ-0887,Energy,Power,3962.65,30,31,96.9,100.0,95.5,3885.17,7,0,0.0,35,83.1,1,0,Good,0.0,0.0,0,0,0
PRJ-0888,Health,Hospital,670.06,32,8,18.2,28.5,15.2,103.36,12,1,43.0,10,91.3,2,1,Average,5.8,5.9,1,0,0
PRJ-0889,Health,Hospital,436.13,24,19,68.4,75.6,70.5,311.1,24,8,34.9,6,95.3,0,1,Average,4.4,3.2,0,1,0
PRJ-0890,Transport,Road,526.35,47,16,29.3,35.4,32.0,167.19,18,4,33.6,24,51.8,0,0,Average,1.3,1.9,0,0,0
PRJ-0891,Water,Water Supply,540.17,39,15,35.3,39.0,36.4,202.76,10,1,24.8,25,72.4,0,2,Good,0.1,4.6,0,1,0
PRJ-0892,Urban Development,Urban Infrastructure,631.23,25,21,64.5,78.7,66.6,426.9,16,4,47.2,5,51.1,4,0,Good,7.9,3.3,1,0,1
PRJ-0893,Water,Water Supply,913.97,30,29,97.3,97.8,100.0,937.15,13,1,13.7,8,99.7,0,0,Good,0.0,0.0,0,0,0
PRJ-0894,Water,Water Supply,413.36,41,9,8.2,20.0,6.4,25.93,20,5,76.0,1,77.0,0,0,Poor,8.6,8.9,1,1,0
PRJ-0895,Health,Hospital,442.24,25,26,93.7,100.0,95.7,424.74,11,3,65.0,11,99.6,1,0,Average,0.8,0.0,0,0,0
PRJ-0896,Urban Development,Urban Infrastructure,1127.08,18,7,32.9,41.3,34.0,378.42,7,1,30.3,3,53.9,1,2,Good,4.2,5.6,1,1,0
PRJ-0897,Transport,Road,1550.83,36,10,23.0,28.7,26.2,401.43,22,5,29.0,12,92.0,3,2,Good,7.7,13.0,1,1,1
PRJ-0898,Transport,Road,944.52,22,12,43.1,54.8,43.7,411.13,7,2,57.4,8,89.0,4,0,Average,10.3,10.8,1,1,1
PRJ-0899,Transport,Railway,4410.12,51,36,67.1,72.6,69.4,3061.18,20,3,38.7,3,95.1,2,0,Average,0.0,0.0,0,0,0
PRJ-0900,Transport,Bridge,1244.48,40,9,9.7,18.2,10.9,136.63,9,1,50.2,5,26.0,0,2,Average,6.0,9.7,1,1,0
PRJ-0901,Transport,Road,586.36,25,12,42.0,48.5,37.0,214.76,10,2,62.7,6,97.8,1,0,Poor,4.8,3.2,1,0,1
PRJ-0902,Energy,Power,2874.05,65,56,84.5,87.1,87.5,2610.71,17,6,48.6,92,88.2,1,0,Average,4.1,4.7,1,1,0
PRJ-0903,Urban Development,Urban Infrastructure,877.78,39,38,98.9,97.4,100.0,879.51,10,0,0.0,7,93.5,0,0,Good,0.0,0.0,0,0,0
PRJ-0904,Urban Development,Urban Infrastructure,767.73,20,19,79.3,93.0,78.0,621.45,7,3,73.7,2,92.8,2,0,Poor,10.7,11.6,1,1,1
PRJ-0905,Energy,Power,1602.85,60,52,88.6,89.6,86.9,1444.48,16,1,,7,85.7,0,0,Good,0.0,0.0,0,0,0
PRJ-0906,Education,School,155.1,22,12,46.6,55.3,47.9,75.93,7,3,22.4,2,99.8,2,0,Good,2.6,0.0,1,0,0
PRJ-0907,Urban Development,Urban Infrastructure,625.11,31,17,60.2,57.5,57.2,355.56,9,0,0.0,2,90.7,0,1,,0.0,0.0,0,0,0
PRJ-0908,Transport,Road,894.14,43,25,50.0,53.8,49.6,444.56,6,0,0.0,2,82.9,1,0,Good,0.0,0.0,0,0,0
PRJ-0909,Urban Development,Urban Infrastructure,1036.55,36,33,76.0,90.7,80.5,830.31,18,9,64.9,109,89.9,4,0,Good,12.5,10.7,1,1,1
PRJ-0910,Transport,Road,1702.92,30,13,25.4,43.2,27.3,463.2,10,4,67.4,6,37.2,0,0,Poor,12.4,9.6,1,1,0
PRJ-0911,Water,Water Supply,957.76,41,37,78.7,93.7,79.0,753.65,6,2,77.9,7,54.5,3,2,Poor,16.5,25.5,1,1,1
PRJ-0912,Urban Development,Urban Infrastructure,614.85,48,39,73.1,82.0,72.5,457.6,9,2,35.5,9,90.9,0,1,Average,3.8,3.8,0,0,0
PRJ-0913,Urban Development,Urban Infrastructure,1241.91,26,19,69.8,75.1,70.9,889.39,18,2,26.0,5,96.2,2,1,Good,0.3,0.0,0,0,0
PRJ-0914,Transport,Railway,4221.49,56,20,21.3,36.8,22.3,954.45,23,14,84.9,150,68.8,3,1,Average,17.0,23.1,1,1,1
PRJ-0915,Energy,Power,1834.71,39,39,97.9,100.0,99.2,1839.75,13,0,0.0,1,48.0,0,0,Good,0.0,0.0,0,0,0
PRJ-0916,Education,School,177.93,23,22,94.3,99.0,92.3,166.59,9,1,32.8,18,92.1,1,1,Good,2.1,0.0,1,0,0
PRJ-0917,Transport,Road,1432.97,42,10,14.6,24.5,16.3,232.6,11,1,24.7,3,66.5,2,0,Average,4.5,3.1,1,0,0
PRJ-0918,Transport,Road,812.06,23,24,98.0,100.0,100.0,807.83,13,1,34.1,8,99.9,2,0,Good,0.0,0.0,0,0,0
PRJ-0919,Urban Development,Urban Infrastructure,624.31,40,40,99.8,100.0,96.2,591.4,15,0,0.0,2,70.8,0,0,Good,0.0,0.0,0,0,0
PRJ-0920,Education,School,217.19,14,4,26.8,27.4,29.0,64.62,7,0,0.0,5,99.6,1,1,Good,0.0,0.0,0,0,0
PRJ-0921,Energy,Power,2071.16,39,35,85.7,89.9,86.8,1780.63,19,3,45.4,,95.4,1,1,Good,3.3,4.6,0,0,0
PRJ-0922,Education,School,217.06,16,12,78.2,75.5,75.3,165.06,8,0,0.0,25,97.4,0,4,Good,0.1,12.1,0,1,0
PRJ-0923,Energy,Power,2762.78,30,14,38.4,43.4,40.3,1147.56,11,2,57.3,97,97.4,1,0,Good,3.7,1.4,1,0,0
PRJ-0924,Energy,Power,3195.75,33,13,27.1,40.8,29.2,919.43,17,4,81.2,9,78.6,0,0,Poor,6.5,3.3,1,0,0
PRJ-0925,Energy,Power,3691.16,51,27,44.7,51.7,47.4,1752.82,18,3,34.9,,95.9,0,0,Average,3.4,0.0,0,0,0
PRJ-0926,Water,Water Supply,486.4,23,14,49.0,58.8,48.8,236.78,7,3,,55,86.5,1,0,Average,0.1,0.0,0,0,0
PRJ-0927,Transport,Railway,829.96,44,23,48.1,52.4,48.4,393.81,23,1,18.6,5,88.6,1,0,Good,0.0,0.0,0,0,0
PRJ-0928,Education,School,119.91,16,11,68.7,67.6,66.4,81.14,25,1,8.7,3,93.5,0,1,Good,0.0,0.0,0,0,0
PRJ-0929,Water,Water Supply,674.27,26,11,40.9,42.3,41.5,277.9,18,0,0.0,8,43.5,0,1,Good,0.0,0.0,0,0,0
PRJ-0930,Transport,Bridge,232.96,34,10,29.1,29.0,33.8,79.3,24,1,22.9,9,97.7,1,0,Good,0.0,0.0,0,0,0
PRJ-0931,Transport,Road,2112.0,41,29,63.2,67.3,65.6,1358.78,20,2,38.8,7,81.9,0,1,Good,0.0,0.0,0,0,0
PRJ-0932,Energy,Power,1352.22,50,41,82.6,83.3,84.0,1160.96,25,2,24.3,7,78.4,0,0,Good,0.0,0.0,0,0,0
PRJ-0933,Energy,Power,3748.28,59,23,38.1,37.5,38.2,1441.13,16,0,0.0,28,87.5,0,0,Good,0.0,0.0,0,0,0
PRJ-0934,Energy,Power,1727.5,31,15,47.6,47.8,46.5,824.31,24,2,13.5,1,83.0,0,0,Good,0.0,0.0,0,0,0
PRJ-0935,Energy,Power,972.19,38,25,68.0,68.7,67.1,658.94,16,3,21.9,2,98.6,0,0,Average,0.0,0.0,0,0,0
PRJ-0936,Energy,Power,1760.26,51,39,76.4,75.5,76.2,1354.91,13,1,24.7,5,86.2,0,0,Good,0.0,0.0,0,0,0
PRJ-0937,Transport,Road,1158.09,42,21,42.0,48.1,43.1,515.26,17,5,56.5,113,82.2,0,0,Good,2.4,4.2,1,0,0
PRJ-0938,Energy,Power,2604.99,32,32,96.6,99.5,94.6,2451.67,22,5,28.5,23,92.4,0,1,Good,0.0,0.0,0,0,0
PRJ-0939,Health,Hospital,84.18,40,41,92.9,100.0,94.9,80.85,11,3,28.3,6,95.0,3,1,Average,3.3,3.7,1,0,0
PRJ-0940,Transport,Road,214.76,30,12,32.6,39.4,37.2,82.0,19,1,40.2,11,83.7,0,0,Poor,5.8,6.0,1,1,1
PRJ-0941,Health,Hospital,138.3,31,15,43.0,47.0,41.3,56.57,22,2,40.1,12,99.7,2,0,Good,0.0,0.0,0,0,0
PRJ-0942,Transport,Road,1874.2,46,20,37.1,41.3,36.5,708.56,8,1,39.5,13,83.5,2,0,Good,3.4,0.0,0,0,0
PRJ-0943,Health,Hospital,118.17,26,20,72.5,75.6,75.3,88.76,12,0,0.0,5,93.9,1,0,Good,0.0,0.0,0,0,0
PRJ-0944,Energy,Power,2647.87,48,41,80.1,83.3,84.5,2237.05,8,1,44.0,34,90.3,1,1,Average,0.0,0.0,0,0,0
PRJ-0945,Energy,Power,417.47,34,18,50.0,55.5,53.0,224.06,23,1,14.2,11,80.2,0,0,,0.0,0.0,0,0,0
PRJ-0946,Transport,Road,1787.28,18,14,75.0,77.8,79.1,1406.22,11,1,59.1,14,78.5,0,0,Average,3.8,0.0,1,0,0
PRJ-0947,Transport,Road,1108.14,37,35,82.6,91.7,84.2,917.41,11,2,38.2,33,91.1,0,1,Poor,12.4,8.9,1,1,1
PRJ-0948,Transport,Road,1976.69,22,5,20.1,26.4,19.9,403.69,15,2,37.3,5,91.3,1,0,Good,0.0,0.0,0,0,0
PRJ-0949,Health,Hospital,603.47,27,17,60.5,64.2,61.2,369.9,7,1,39.8,37,94.5,1,0,Good,4.3,0.0,1,0,0
PRJ-0950,Transport,Road,1134.96,19,4,12.6,20.9,13.9,157.56,8,1,33.4,23,90.8,4,1,Good,5.6,8.9,1,0,0
PRJ-0951,Transport,Road,2065.48,23,24,83.7,100.0,81.4,1684.19,13,4,72.6,2,44.5,1,0,Poor,10.3,7.9,1,1,0
PRJ-0952,Urban Development,Urban Infrastructure,706.19,43,17,22.1,37.3,24.2,177.39,9,4,34.5,6,79.6,5,0,Good,10.7,5.9,1,1,1
PRJ-0953,Transport,Road,1146.59,24,8,26.4,32.4,22.0,248.7,9,0,0.0,10,33.0,1,1,Average,6.2,8.2,0,1,1
PRJ-0954,Transport,Bridge,664.39,47,45,91.2,98.9,90.8,615.53,21,4,22.8,3,98.1,4,0,Good,0.1,0.0,0,0,0
PRJ-0955,Transport,Road,2068.8,48,23,37.5,45.8,38.0,784.18,16,4,30.8,5,91.6,1,0,Average,0.4,0.0,0,0,0
PRJ-0956,Health,Hospital,767.75,27,8,17.9,28.5,16.9,129.42,25,5,57.5,5,95.2,0,0,Poor,1.4,2.1,0,0,0
PRJ-0957,Health,Hospital,447.15,31,21,59.0,63.3,56.7,249.89,13,1,35.2,33,97.7,1,0,Average,0.0,0.0,0,0,0
PRJ-0958,Transport,Bridge,1308.94,44,11,18.0,29.1,16.3,211.29,18,6,65.6,97,83.2,5,1,Good,16.2,22.4,1,1,1
PRJ-0959,Urban Development,Urban Infrastructure,1257.47,43,23,37.8,53.1,42.1,523.9,7,2,79.7,8,73.8,1,0,Poor,10.7,11.1,1,1,1
PRJ-0960,Urban Development,Urban Infrastructure,568.53,42,40,86.8,95.3,88.0,517.21,11,3,49.9,134,82.0,0,0,Good,4.5,6.5,1,1,0
PRJ-0961,Education,School,298.98,16,12,61.2,73.4,63.5,188.19,24,7,44.0,0,98.6,2,0,Poor,10.2,7.7,1,1,1
PRJ-0962,Urban Development,Urban Infrastructure,1119.01,21,7,32.8,33.1,33.4,388.6,22,1,11.1,0,94.6,0,1,Good,0.0,0.0,0,0,0
PRJ-0963,Energy,Power,1298.84,64,43,63.1,69.2,69.0,906.17,13,1,39.5,4,46.4,2,0,Good,6.8,0.0,1,0,0
PRJ-0964,Water,Water Supply,642.88,41,16,23.8,39.6,24.8,157.24,23,11,32.6,,87.0,5,0,Poor,13.6,14.5,1,1,1
PRJ-0965,Transport,Railway,1344.5,67,49,54.8,74.5,55.0,737.93,9,5,46.5,10,75.7,4,0,,8.8,8.6,1,1,1
PRJ-0966,Education,School,181.15,12,6,33.9,48.3,32.6,61.33,6,2,56.0,10,91.2,3,0,Poor,8.1,13.3,1,1,1
PRJ-0967,Energy,Power,3756.13,46,20,34.2,39.9,34.4,1283.64,20,4,31.3,8,65.4,0,3,Good,3.8,11.7,1,1,0
PRJ-0968,Energy,Power,3418.74,47,47,96.7,97.5,94.7,3190.12,19,2,32.4,5,75.6,0,0,Good,0.0,0.0,0,0,0
PRJ-0969,Transport,Railway,645.5,43,22,49.6,48.9,52.1,331.63,8,0,0.0,5,70.6,0,0,Good,0.0,1.4,0,0,0
PRJ-0970,Urban Development,Urban Infrastructure,731.16,33,8,7.4,20.9,7.5,56.49,22,9,69.8,36,94.0,0,0,Poor,6.4,8.3,0,1,0
PRJ-0971,Water,Water Supply,406.74,42,39,83.5,92.8,81.5,343.77,21,1,33.8,8,64.2,3,1,Good,6.6,6.7,1,1,1
PRJ-0972,Energy,Power,1236.54,51,35,70.8,67.8,72.8,933.22,20,0,0.0,0,83.9,0,2,Good,2.0,4.6,0,0,0
PRJ-0973,Transport,Road,1443.79,43,31,66.6,70.3,75.8,1131.5,14,1,39.1,18,35.6,1,0,Good,6.5,3.0,1,0,0
PRJ-0974,Urban Development,Urban Infrastructure,754.22,36,17,46.7,46.2,43.7,338.23,11,0,0.0,9,66.2,1,1,Good,0.0,3.8,0,0,0
PRJ-0975,Transport,Bridge,1145.21,49,43,77.4,86.5,79.6,935.51,24,7,47.8,13,99.8,0,1,Average,3.6,5.6,1,1,1
PRJ-0976,Urban Development,Urban Infrastructure,479.6,35,7,11.3,19.0,14.0,69.64,14,7,41.0,47,82.5,1,2,Average,7.3,10.2,0,1,1
PRJ-0977,Education,School,72.89,18,15,69.8,80.9,72.2,53.71,21,10,47.9,4,93.8,1,4,Poor,8.5,19.1,1,1,1
PRJ-0978,Energy,Power,2479.98,45,37,75.0,84.0,80.0,2011.77,21,3,30.1,30,79.1,2,2,Good,5.9,9.1,1,1,0
PRJ-0979,Transport,Bridge,846.85,52,34,63.1,67.6,63.3,546.69,8,2,17.9,5,76.6,0,0,Good,0.0,0.0,0,0,0
PRJ-0980,Education,School,286.44,27,28,85.8,100.0,89.9,256.39,13,4,64.0,3,94.5,1,1,Poor,8.4,8.4,1,1,1
PRJ-0981,Water,Water Supply,473.0,23,22,91.1,95.3,89.6,436.88,23,6,49.0,13,76.6,4,0,Good,2.7,0.0,1,0,0
PRJ-0982,Transport,Road,1858.52,23,8,33.4,33.5,31.5,607.36,21,0,0.0,8,77.7,0,1,Good,0.0,0.0,0,0,0
PRJ-0983,Education,School,194.76,20,17,78.0,84.1,78.5,151.14,7,1,44.1,0,97.0,1,0,Average,4.9,2.4,1,0,1
PRJ-0984,Education,School,42.01,12,3,21.4,28.5,21.0,8.93,13,3,24.9,26,96.7,1,2,Good,7.3,8.6,1,1,1
PRJ-0985,Energy,Power,2612.99,60,37,54.4,63.1,54.1,1429.79,13,2,54.9,52,33.7,0,0,Good,4.3,2.3,0,0,0
PRJ-0986,Energy,Power,1747.0,64,67,87.0,100.0,89.9,1570.9,12,3,52.5,56,28.0,1,0,Average,7.3,12.7,1,1,1
PRJ-0987,Urban Development,Urban Infrastructure,893.01,46,41,73.4,89.9,71.3,658.8,17,8,84.2,6,27.7,0,2,Poor,16.4,20.0,1,1,1
PRJ-0988,Water,Water Supply,388.74,27,17,53.8,60.9,56.4,226.54,6,0,0.0,9,75.7,5,3,Good,4.8,8.0,1,1,0
PRJ-0989,Urban Development,Urban Infrastructure,743.82,37,38,98.7,99.5,97.0,734.37,6,0,0.0,2,88.2,1,2,Good,2.9,5.3,0,1,1
PRJ-0990,Energy,Power,2179.39,30,20,65.3,65.3,65.6,1485.18,11,1,25.3,8,75.1,0,0,Good,0.0,0.0,0,0,0
PRJ-0991,Water,Water Supply,716.86,20,13,61.1,69.0,62.6,462.33,14,3,58.0,137,25.2,0,0,Good,8.8,13.8,1,1,1
PRJ-0992,Transport,Road,964.08,19,11,54.1,55.7,56.4,556.98,10,0,0.0,9,55.2,0,2,Average,2.6,12.9,1,1,0
PRJ-0993,Water,Water Supply,83.31,35,24,68.0,73.0,69.0,57.84,21,4,30.1,8,88.8,0,0,Average,0.0,0.0,0,0,0
PRJ-0994,Urban Development,Urban Infrastructure,631.95,41,14,30.3,32.9,29.7,191.73,12,2,16.0,5,99.9,1,3,Good,1.2,7.3,0,1,0
PRJ-0995,Water,Water Supply,931.47,30,18,47.7,62.8,50.0,468.8,18,7,66.4,9,75.3,1,1,Poor,4.3,8.2,1,1,0
PRJ-0996,Transport,Railway,3885.92,52,22,28.5,40.1,29.1,1142.02,16,6,74.2,116,81.4,1,3,Average,13.3,23.8,1,1,1
PRJ-0997,Water,Water Supply,1018.06,25,14,53.3,58.3,51.9,522.08,21,2,39.9,1,98.9,2,0,Good,0.0,0.0,0,0,0
PRJ-0998,Energy,Power,3687.34,46,44,94.8,95.8,92.6,3535.52,19,2,27.6,38,91.6,0,0,Good,0.0,0.0,0,0,0
PRJ-0999,Transport,Road,383.41,24,22,80.2,90.3,79.0,303.93,19,2,34.0,42,34.1,0,0,Average,7.2,4.8,1,1,0
PRJ-1000,Water,Water Supply,56.67,37,11,20.6,26.8,23.4,13.45,22,4,26.3,51,77.4,1,0,Good,0.0,0.9,0,0,0
